repeat_id,seed,history_scale,histories_base,histories_spot,repeat_root,plan_id,case_label,site_group,mode,mode_label,ptv_d95,pvdr,spill_shell_0_5_mean,spill_shell_5_15_mean,cord_d2,brainstem_d2,parotid_r_mean,gtv_d95,thyroid_mean,body_dmax,parotid_l_mean,spill_shell_15_30_mean,outside_gtv_d2,oar_adjacent_outside_gtv_mean,ptv_valley_outside_gtv_mean,peak_mean,valley_mean,peak_voxels,valley_voxels,risk_score,rank
seed11_hist0p5,11,0.5,6000,12000,PROJECT_ROOT/runs/phase35_subset_repeat_uncertainty/repeat_runs/seed11_hist0p5,case02,Left maxillary sinus crescent abutting orbit,sinonasal_midface,physical_only,Physical-only,3.4999998092651365,1.3246243815336918,10.616750914920182,9.259109969757013,11.150527839660644,18.4617667388916,1.2384635959008727,4.467666912078857,11.082885925245728,34.45478439331055,9.098654143978852,6.751257632447279,21.28788299560546,6.251740487196613,10.616750914920182,15.00376167024885,11.326804699817636,525,18031,1.2915357001833112,4
seed11_hist0p5,11,0.5,6000,12000,PROJECT_ROOT/runs/phase35_subset_repeat_uncertainty/repeat_runs/seed11_hist0p5,case02,Left maxillary sinus crescent abutting orbit,sinonasal_midface,bystander_no_sink,"Bystander, no vascular sink",18.01054677963257,1.489759553614028,22.946500727172065,19.86751812304363,20.995208358764643,30.07244209289551,6.961421952103123,21.267693710327148,21.746880026424634,44.411277770996094,18.657503041354094,15.755151660638571,29.06786003112793,15.531443741264917,22.946500727172065,38.804842173258464,26.047721646839765,525,18031,-2.6845801311418462,2
seed11_hist0p5,11,0.5,6000,12000,PROJECT_ROOT/runs/phase35_subset_repeat_uncertainty/repeat_runs/seed11_hist0p5,case02,Left maxillary sinus crescent abutting orbit,sinonasal_midface,bystander_with_sink,"Bystander, anatomical vascular sink",17.2990761756897,1.5065150248020436,22.640203943651205,19.63085950169414,20.880841674804685,29.829815368652348,6.708463727103339,20.549619674682617,21.68002196805027,44.21287155151367,18.185486338836977,15.513539554628384,29.055817413330075,14.884607205988036,22.640203943651205,38.78745944795154,25.746480326705154,525,18031,-2.7324203823451976,2
seed11_hist0p5,11,0.5,6000,12000,PROJECT_ROOT/runs/phase35_subset_repeat_uncertainty/repeat_runs/seed11_hist0p5,case03,Base-of-tongue / oropharynx bilobed central mass,oropharynx_bot,physical_only,Physical-only,3.4999999403953552,1.6430879243897996,8.037214046620052,6.743864449031269,16.608116302490235,16.749993362426757,4.127419603232181,3.9575865745544436,7.661994228053019,24.421329498291016,8.146112996881659,4.8214137878926735,15.770204086303712,8.480498588393639,8.037214046620052,14.2462213138614,8.670394993714094,793,18035,-0.5707146313471438,3
seed11_hist0p5,11,0.5,6000,12000,PROJECT_ROOT/runs/phase35_subset_repeat_uncertainty/repeat_runs/seed11_hist0p5,case03,Base-of-tongue / oropharynx bilobed central mass,oropharynx_bot,bystander_no_sink,"Bystander, no vascular sink",17.390217304229736,1.5264859216008824,21.324895393327555,17.732280408211473,38.92907775878906,37.458449859619144,16.921798355410797,20.29178171157837,19.326947979882775,43.85106658935547,20.210569038776438,13.93992059347478,25.35408435821533,19.544081876478288,21.324895393327555,38.07241579803813,24.94121646278282,793,18035,2.2582982390811797,4
seed11_hist0p5,11,0.5,6000,12000,PROJECT_ROOT/runs/phase35_subset_repeat_uncertainty/repeat_runs/seed11_hist0p5,case03,Base-of-tongue / oropharynx bilobed central mass,oropharynx_bot,bystander_with_sink,"Bystander, anatomical vascular sink",15.52032208442688,1.3466538021946348,20.514228044155043,17.346032266539705,38.77044418334961,37.11350723266602,15.77126443073003,16.617465019226074,19.232708471847392,39.643516540527344,19.199879563456832,13.73639060553241,24.733222084045412,18.99195574478069,20.514228044155043,31.71464353130865,23.550702845544606,793,18035,2.47078609340296,5
seed11_hist0p5,11,0.5,6000,12000,PROJECT_ROOT/runs/phase35_subset_repeat_uncertainty/repeat_runs/seed11_hist0p5,case04,Laryngo-hypopharyngeal elongated cylinder,laryngohypopharynx,physical_only,Physical-only,3.5000001907348635,3.6470052244081024,6.192620447529325,3.9236265569255577,10.753044204711914,9.624378623962404,2.2507835269576373,4.3905445575714115,8.229144481682557,33.115413665771484,3.41250476893602,1.793838019859782,8.260335884094236,4.100028772372992,6.173923546250373,24.11396412178874,6.611990561571615,256,13699,-11.004771217052362,1
seed11_hist0p5,11,0.5,6000,12000,PROJECT_ROOT/runs/phase35_subset_repeat_uncertainty/repeat_runs/seed11_hist0p5,case04,Laryngo-hypopharyngeal elongated cylinder,laryngohypopharynx,bystander_no_sink,"Bystander, no vascular sink",17.4611759185791,1.691393824575481,20.399698111195463,14.380215977918981,32.5573336791992,20.66697608947754,11.620633098332569,21.933442497253417,22.21854225253173,48.34082794189453,12.605125776926677,8.516519486961686,21.502413940429683,14.822144034710984,20.383856321986688,41.145140282809734,24.32617388391888,256,13699,-6.367157654133601,1
seed11_hist0p5,11,0.5,6000,12000,PROJECT_ROOT/runs/phase35_subset_repeat_uncertainty/repeat_runs/seed11_hist0p5,case04,Laryngo-hypopharyngeal elongated cylinder,laryngohypopharynx,bystander_with_sink,"Bystander, anatomical vascular sink",12.903889083862305,1.9568937064667467,18.398732440063903,13.73697839460498,32.33647964477537,20.544829101562502,10.654320220754604,13.021593379974366,21.975213887890796,48.209747314453125,11.679209366711703,8.27693108278601,20.359856338500972,14.129845645277697,18.380290180573194,40.94776036590338,20.92487713082601,256,13699,-6.145020025277998,1
seed11_hist0p5,11,0.5,6000,12000,PROJECT_ROOT/runs/phase35_subset_repeat_uncertainty/repeat_runs/seed11_hist0p5,case05,Parapharyngeal / prestyloid deep-space bulky mass,parapharyngeal_deep_space,physical_only,Physical-only,3.5000001192092896,1.6649649606442294,8.255703767662006,6.368787333138899,17.337163925170895,18.849042282104495,6.260446723302206,3.6153177618980408,7.657628174167669,26.664260864257812,3.186375165828551,4.555915333629328,16.814552764892582,7.789580872241416,8.255703767662006,14.031377653485722,8.427431198345774,776,18122,-0.5849391564955942,2
seed11_hist0p5,11,0.5,6000,12000,PROJECT_ROOT/runs/phase35_subset_repeat_uncertainty/repeat_runs/seed11_hist0p5,case05,Parapharyngeal / prestyloid deep-space bulky mass,parapharyngeal_deep_space,bystander_no_sink,"Bystander, no vascular sink",17.721616363525392,1.4783788642715723,21.368659041801987,17.648713181777726,38.66802734375,38.38481796264649,22.634925761367334,19.916747570037842,19.113064357001715,43.409942626953125,12.636238388100056,13.73961470995306,25.85525848388673,18.543443377908954,21.368659041801987,36.42239383078113,24.63671167859072,776,18122,2.8201602146914055,6
seed11_hist0p5,11,0.5,6000,12000,PROJECT_ROOT/runs/phase35_subset_repeat_uncertainty/repeat_runs/seed11_hist0p5,case05,Parapharyngeal / prestyloid deep-space bulky mass,parapharyngeal_deep_space,bystander_with_sink,"Bystander, anatomical vascular sink",16.31547145843506,1.3156291470085058,20.683360955529867,17.27778134960291,38.462691955566406,38.185847473144534,21.288964265765564,17.551040172576904,19.03143134574772,41.76424789428711,12.077912620582966,13.559114800360739,25.266599349975586,17.912971471608536,20.683360955529867,30.964864445715836,23.536164819792976,776,18122,3.308864971409662,6
seed11_hist0p5,11,0.5,6000,12000,PROJECT_ROOT/runs/phase35_subset_repeat_uncertainty/repeat_runs/seed11_hist0p5,case06,Buccal mucosa / cheek infiltrative crescent,cheek_superficial,physical_only,Physical-only,3.499999833106995,1.4973817185189906,10.692615682079646,8.971581063318121,17.23211860656738,19.403456573486327,3.5964731746249727,3.5538650512695313,8.525903159619855,30.700841903686523,0.4025391772210673,5.578534621865965,17.5993209838867,5.6163150895469505,10.692615682079646,14.96737694840894,9.995699001329243,237,16899,3.468150092125517,5
seed11_hist0p5,11,0.5,6000,12000,PROJECT_ROOT/runs/phase35_subset_repeat_uncertainty/repeat_runs/seed11_hist0p5,case06,Buccal mucosa / cheek infiltrative crescent,cheek_superficial,bystander_no_sink,"Bystander, no vascular sink",17.76311664581299,1.2811260308918648,23.53861459379588,19.6860571850795,25.457711334228513,27.782933502197267,19.312239128652244,19.193201065063477,19.471123732280436,42.20827865600586,4.502766791979472,15.271706076528057,26.943432235717772,14.970251643148048,23.53861459379588,34.40922234933588,26.85857715761318,237,16899,2.708445507146301,5
seed11_hist0p5,11,0.5,6000,12000,PROJECT_ROOT/runs/phase35_subset_repeat_uncertainty/repeat_runs/seed11_hist0p5,case06,Buccal mucosa / cheek infiltrative crescent,cheek_superficial,bystander_with_sink,"Bystander, anatomical vascular sink",16.295630264282227,1.3012727459382574,22.96797369245444,19.25808328776147,25.427944641113278,27.746840286254884,18.628610932706582,17.97513771057129,19.421841588920852,42.208274841308594,4.102329761692972,14.893435302594018,26.81632461547851,14.331976973531942,22.96797369245444,34.40921824491477,26.442741041275458,237,16899,1.4273385431462349,3
seed11_hist0p5,11,0.5,6000,12000,PROJECT_ROOT/runs/phase35_subset_repeat_uncertainty/repeat_runs/seed11_hist0p5,case07,Oral tongue / floor-of-mouth horseshoe,oral_tongue_floor_mouth,physical_only,Physical-only,3.500000047683716,1.4910306878170994,11.2367628904537,10.772220081634519,20.45859436035155,23.966602249145513,11.634526340407554,3.8904423475265504,8.964017605264859,39.915645599365234,10.562568207943078,10.362453779727229,24.273118133544934,10.626122635106508,11.2367628904537,18.834329517558217,12.631751761683777,512,16591,7.400739215725699,6
seed11_hist0p5,11,0.5,6000,12000,PROJECT_ROOT/runs/phase35_subset_repeat_uncertainty/repeat_runs/seed11_hist0p5,case07,Oral tongue / floor-of-mouth horseshoe,oral_tongue_floor_mouth,bystander_no_sink,"Bystander, no vascular sink",18.391654396057127,1.468825014384343,23.535329204789782,21.06315567920979,28.031175537109373,31.230809860229495,21.453150404342498,20.37187261581421,21.185783908832185,54.49760055541992,20.764455325194078,19.917746160261228,31.46359283447266,20.84511277406222,23.535329204789782,40.23731477558613,27.394219448564858,512,16591,1.2648338243565682,3
seed11_hist0p5,11,0.5,6000,12000,PROJECT_ROOT/runs/phase35_subset_repeat_uncertainty/repeat_runs/seed11_hist0p5,case07,Oral tongue / floor-of-mouth horseshoe,oral_tongue_floor_mouth,bystander_with_sink,"Bystander, anatomical vascular sink",17.357867431640624,1.4952187672260537,22.8635135803234,20.368688891169192,27.987682647705075,30.953559265136718,20.98454906964543,19.61395969390869,21.102916528565967,54.49747848510742,20.302745019546663,19.432967408999605,31.00056133270264,20.0866155750703,22.8635135803234,40.228776052594185,26.904943232639496,512,16591,1.6704507996643412,4
seed11_hist1p0,11,1.0,12000,24000,PROJECT_ROOT/runs/phase35_subset_repeat_uncertainty/repeat_runs/seed11_hist1p0,case02,Left maxillary sinus crescent abutting orbit,sinonasal_midface,physical_only,Physical-only,3.499999988079071,1.9975385159421981,6.8059618929498065,5.813595866010028,5.055563087463377,5.98708158493042,0.6357429322118711,3.764894151687622,7.019314769620866,25.400753021240234,5.500931755701701,3.7563325481577166,15.180166053771966,4.006956367598943,6.8059618929498065,14.263696121942429,7.140636342230695,525,18031,-4.859282495765964,2
seed11_hist1p0,11,1.0,12000,24000,PROJECT_ROOT/runs/phase35_subset_repeat_uncertainty/repeat_runs/seed11_hist1p0,case02,Left maxillary sinus crescent abutting orbit,sinonasal_midface,bystander_no_sink,"Bystander, no vascular sink",16.96176233291626,1.6584492320186497,20.115465203190155,16.83309521278808,15.845369949340819,23.41188301086426,5.458765214862246,19.88572769165039,18.453513530754822,43.333858489990234,15.904860400190257,12.301927821424574,24.6331844329834,12.88568625271908,20.115465203190155,38.23289302280971,23.05339969694036,525,18031,-5.064422623865606,1
seed11_hist1p0,11,1.0,12000,24000,PROJECT_ROOT/runs/phase35_subset_repeat_uncertainty/repeat_runs/seed11_hist1p0,case02,Left maxillary sinus crescent abutting orbit,sinonasal_midface,bystander_with_sink,"Bystander, anatomical vascular sink",16.23165006637573,1.6803261898142436,19.80471553005206,16.59605856525259,15.768823318481445,23.201296234130865,5.264114377233717,19.37091178894043,18.39885075099697,43.32156753540039,15.441123910383745,12.081087497509248,24.61632461547851,12.292074936768033,19.80471553005206,38.21728022984096,22.743965107194928,525,18031,-5.087357338791497,1
seed11_hist1p0,11,1.0,12000,24000,PROJECT_ROOT/runs/phase35_subset_repeat_uncertainty/repeat_runs/seed11_hist1p0,case03,Base-of-tongue / oropharynx bilobed central mass,oropharynx_bot,physical_only,Physical-only,3.4999999403953552,1.7952728595913778,6.954701089112108,6.044435922241597,15.880622596740722,15.396855621337892,3.9209549007993756,3.852283406257629,7.6727671435004785,21.530689239501953,7.352358722205114,4.470753522503853,13.877736778259278,7.453342783199941,6.954701089112108,14.051590727076103,7.826994460482395,793,18035,3.866454685351821,4
seed11_hist1p0,11,1.0,12000,24000,PROJECT_ROOT/runs/phase35_subset_repeat_uncertainty/repeat_runs/seed11_hist1p0,case03,Base-of-tongue / oropharynx bilobed central mass,oropharynx_bot,bystander_no_sink,"Bystander, no vascular sink",17.374269008636475,1.5591256551128332,20.562481079038665,17.247256144089196,40.397864532470706,38.19147644042969,16.54175677251334,20.195899105072023,19.337422593828325,42.983402252197266,19.650599576006034,13.742043091381532,23.994822578430178,18.768409212814305,20.562481079038665,37.986616305415,24.36405056952637,793,18035,2.2640979725217787,4
seed11_hist1p0,11,1.0,12000,24000,PROJECT_ROOT/runs/phase35_subset_repeat_uncertainty/repeat_runs/seed11_hist1p0,case03,Base-of-tongue / oropharynx bilobed central mass,oropharynx_bot,bystander_with_sink,"Bystander, anatomical vascular sink",15.257014513015747,1.3752408600740587,19.71881368324697,16.844402162675266,40.18851837158203,37.894119110107425,15.431834284464518,16.41738510131836,19.244881629943848,40.6700553894043,18.62939704548229,13.536275593610295,23.544981956481934,18.199232640603817,19.71881368324697,31.552137273858204,22.9429899807944,793,18035,4.109109973408836,5
seed11_hist1p0,11,1.0,12000,24000,PROJECT_ROOT/runs/phase35_subset_repeat_uncertainty/repeat_runs/seed11_hist1p0,case04,Laryngo-hypopharyngeal elongated cylinder,laryngohypopharynx,physical_only,Physical-only,3.5000001907348635,2.5521666419878155,5.3996220953107725,3.601243214778659,8.300867385864256,7.679363956451417,3.208233581167279,4.0203588008880615,6.08394644540899,18.7158203125,2.8521582256362894,1.714055072479853,7.243947448730468,3.7963381674083925,5.390589957182663,14.609754245728254,5.724451532815702,256,13699,-10.313661038113601,1
seed11_hist1p0,11,1.0,12000,24000,PROJECT_ROOT/runs/phase35_subset_repeat_uncertainty/repeat_runs/seed11_hist1p0,case04,Laryngo-hypopharyngeal elongated cylinder,laryngohypopharynx,bystander_no_sink,"Bystander, no vascular sink",17.155239868164063,1.5041484100569316,19.728392806019183,14.080710792980218,31.519505462646485,20.119309310913085,12.827582412295872,21.305648612976075,20.696327984517573,39.568172454833984,12.209008666240807,8.46376656209204,20.68876022338867,14.580490942096512,19.718570357643515,35.40755386650562,23.53993371250212,256,13699,-4.296521871359432,2
seed11_hist1p0,11,1.0,12000,24000,PROJECT_ROOT/runs/phase35_subset_repeat_uncertainty/repeat_runs/seed11_hist1p0,case04,Laryngo-hypopharyngeal elongated cylinder,laryngohypopharynx,bystander_with_sink,"Bystander, anatomical vascular sink",12.342333507537841,1.7457635342289697,17.73740464321508,13.442020824743205,31.298885955810547,19.899185943603516,11.941262523574059,12.370623588562012,20.45195153032663,39.397586822509766,11.262350849190144,8.220331622318497,19.625805740356444,13.89057104858421,17.72500361690235,35.19428565353155,20.159824033141685,256,13699,-4.818333533756981,2
seed11_hist1p0,11,1.0,12000,24000,PROJECT_ROOT/runs/phase35_subset_repeat_uncertainty/repeat_runs/seed11_hist1p0,case05,Parapharyngeal / prestyloid deep-space bulky mass,parapharyngeal_deep_space,physical_only,Physical-only,3.4999999046325683,1.887748000823505,7.0027016989349695,5.7762172550042985,15.338096046447754,14.71565486907959,6.787061565572565,3.8795579075813293,8.126899319536546,20.33294105529785,2.7138960816643456,4.175488295499712,13.864639205932626,7.021846690725265,7.0027016989349695,13.992657949015037,7.41235479677951,776,18122,4.784044869509663,5
seed11_hist1p0,11,1.0,12000,24000,PROJECT_ROOT/runs/phase35_subset_repeat_uncertainty/repeat_runs/seed11_hist1p0,case05,Parapharyngeal / prestyloid deep-space bulky mass,parapharyngeal_deep_space,bystander_no_sink,"Bystander, no vascular sink",17.402676391601563,1.5212985260701846,20.462724478898256,17.122977047521967,38.485528259277345,37.79617462158203,23.260977230650006,19.524928092956543,19.522847890115745,41.76311492919922,11.954371354074189,13.415232620434397,24.055740509033203,18.097825410556187,20.462724478898256,36.48578618973801,23.983317911960395,776,18122,3.219840668048856,5
seed11_hist1p0,11,1.0,12000,24000,PROJECT_ROOT/runs/phase35_subset_repeat_uncertainty/repeat_runs/seed11_hist1p0,case05,Parapharyngeal / prestyloid deep-space bulky mass,parapharyngeal_deep_space,bystander_with_sink,"Bystander, anatomical vascular sink",16.40284538269043,1.3612435484555754,19.766044773156157,16.74519523948479,38.29349349975586,37.59056304931641,21.934541781261714,18.12501811981201,19.436223007946193,39.19925308227539,11.379948565935848,13.224701028970346,23.355400505065923,17.444191711616355,19.766044773156157,31.136375230612213,22.873478640863773,776,18122,4.294060271144932,6
seed11_hist1p0,11,1.0,12000,24000,PROJECT_ROOT/runs/phase35_subset_repeat_uncertainty/repeat_runs/seed11_hist1p0,case06,Buccal mucosa / cheek infiltrative crescent,cheek_superficial,physical_only,Physical-only,3.4999999284744265,2.018885403316287,7.028538118799889,6.171665276669491,9.135009956359857,13.13631084442139,4.3244747855446555,3.451156234741211,6.19604974302345,17.054658889770508,0.18336718001148916,4.046429447926768,10.891537857055662,3.7957327333657207,7.028538118799889,13.761380835424495,6.816325885966386,237,16899,1.1991341173577,3
seed11_hist1p0,11,1.0,12000,24000,PROJECT_ROOT/runs/phase35_subset_repeat_uncertainty/repeat_runs/seed11_hist1p0,case06,Buccal mucosa / cheek infiltrative crescent,cheek_superficial,bystander_no_sink,"Bystander, no vascular sink",16.878273582458498,1.3606580377137623,21.020926163820146,17.6357946947975,19.34757308959961,23.413922195434573,20.532188465619328,18.170376205444335,17.85008984084469,40.230979919433594,3.004434295495351,13.763618442613497,22.882357025146476,13.24592493576469,21.020926163820146,33.60531627477976,24.697841296880807,237,16899,3.9925681821378665,6
seed11_hist1p0,11,1.0,12000,24000,PROJECT_ROOT/runs/phase35_subset_repeat_uncertainty/repeat_runs/seed11_hist1p0,case06,Buccal mucosa / cheek infiltrative crescent,cheek_superficial,bystander_with_sink,"Bystander, anatomical vascular sink",15.636871147155762,1.3846830837474462,20.425923194396102,17.189926070487374,19.291621322631837,23.207946014404296,19.858961413605044,17.079036712646484,17.798271641273615,40.230979919433594,2.711617548899217,13.40318097136514,22.76852569580078,12.62644468088447,20.425923194396102,33.60531206573615,24.269316539051083,237,16899,1.4106479759999275,4
seed11_hist1p0,11,1.0,12000,24000,PROJECT_ROOT/runs/phase35_subset_repeat_uncertainty/repeat_runs/seed11_hist1p0,case07,Oral tongue / floor-of-mouth horseshoe,oral_tongue_floor_mouth,physical_only,Physical-only,3.5,1.6811469063748647,7.924004577415464,7.330845431233654,11.708951759338378,12.103673133850098,6.4716035255278,3.846334230899811,7.683750396911574,26.559295654296875,4.134924442840345,6.442669942539598,14.834344100952153,6.724454263024474,7.924004577415464,14.253326380625367,8.478334835924885,512,16591,5.3233098616603804,6
seed11_hist1p0,11,1.0,12000,24000,PROJECT_ROOT/runs/phase35_subset_repeat_uncertainty/repeat_runs/seed11_hist1p0,case07,Oral tongue / floor-of-mouth horseshoe,oral_tongue_floor_mouth,bystander_no_sink,"Bystander, no vascular sink",17.68521919250488,1.5222909801584616,21.23433057918948,18.444321032362343,21.8525634765625,22.403948135375977,17.702900643782183,19.70662899017334,20.321406878184977,42.060081481933594,15.644406231003579,16.7561782441614,24.503366203308108,17.719102435993157,21.23433057918948,37.67400647699833,24.74822945681297,512,16591,-0.11556232748341322,3
seed11_hist1p0,11,1.0,12000,24000,PROJECT_ROOT/runs/phase35_subset_repeat_uncertainty/repeat_runs/seed11_hist1p0,case07,Oral tongue / floor-of-mouth horseshoe,oral_tongue_floor_mouth,bystander_with_sink,"Bystander, anatomical vascular sink",16.01716537475586,1.5553931755317243,20.494750322990537,17.692979222526215,21.7976358795166,22.04843948364258,17.188518231324476,18.71008434295654,20.240331333857203,42.05498504638672,15.105289654779916,16.22821608327261,24.39822250366211,16.88368877490994,20.494750322990537,37.66526239365339,24.21591079745943,512,16591,0.09187265199479644,3
seed11_hist2p0,11,2.0,24000,48000,PROJECT_ROOT/runs/phase35_subset_repeat_uncertainty/repeat_runs/seed11_hist2p0,case02,Left maxillary sinus crescent abutting orbit,sinonasal_midface,physical_only,Physical-only,3.4999999046325683,2.159679685962725,6.060654134305727,4.9525966319486745,3.698980989456176,4.873595237731934,0.3363536373834417,3.8169336318969727,6.745098676105771,22.72377586364746,5.613178603336064,3.270828015475724,15.252835464477519,3.6633947599164425,6.060654134305727,13.987190019516717,6.476511359730468,525,18031,-3.4967221324525966,2
seed11_hist2p0,11,2.0,24000,48000,PROJECT_ROOT/runs/phase35_subset_repeat_uncertainty/repeat_runs/seed11_hist2p0,case02,Left maxillary sinus crescent abutting orbit,sinonasal_midface,bystander_no_sink,"Bystander, no vascular sink",16.657574939727784,1.691248193241791,19.478728780470476,15.961184346493534,14.397347373962402,22.669964904785157,3.8798510403344126,19.64476318359375,18.167948212047847,41.54228210449219,16.043915975936734,11.533023988049326,24.555176544189447,12.484111736389938,19.478728780470476,38.07684278215681,22.514047869680777,525,18031,-5.209904306078933,1
seed11_hist2p0,11,2.0,24000,48000,PROJECT_ROOT/runs/phase35_subset_repeat_uncertainty/repeat_runs/seed11_hist2p0,case02,Left maxillary sinus crescent abutting orbit,sinonasal_midface,bystander_with_sink,"Bystander, anatomical vascular sink",15.858697080612183,1.713478057459469,19.176305677775783,15.725605436334867,14.331981315612792,22.497691040039065,3.7107211678919167,19.013963317871095,18.110186969532688,41.53075408935547,15.600760484945894,11.322251298705174,24.54198188781738,11.895147796750011,19.176305677775783,38.062317417689734,22.213484002312686,525,18031,-5.00164364332814,1
seed11_hist2p0,11,2.0,24000,48000,PROJECT_ROOT/runs/phase35_subset_repeat_uncertainty/repeat_runs/seed11_hist2p0,case03,Base-of-tongue / oropharynx bilobed central mass,oropharynx_bot,physical_only,Physical-only,3.4999998807907104,1.9983412308622461,6.011795262872403,5.236963507150704,15.046515007019043,15.041935234069825,3.9367523082579026,4.024790191650391,6.0156595913618345,17.707223892211914,4.9034089709773205,3.8584558195496483,13.194907836914064,6.459024713294359,6.011795262872403,13.733624609842577,6.872512260539597,793,18035,5.766909628358894,6
seed11_hist2p0,11,2.0,24000,48000,PROJECT_ROOT/runs/phase35_subset_repeat_uncertainty/repeat_runs/seed11_hist2p0,case03,Base-of-tongue / oropharynx bilobed central mass,oropharynx_bot,bystander_no_sink,"Bystander, no vascular sink",16.925646781921387,1.595653557910187,19.773532691713413,16.41865595028407,39.61023971557617,37.33073226928711,16.780651296750463,19.894146347045897,18.015176595918167,41.32505798339844,17.737215331106476,12.97770010908817,23.489978904724122,17.928094677000264,19.773532691713413,37.767079862039,23.66872161868407,793,18035,1.5083599654542714,4
seed11_hist2p0,11,2.0,24000,48000,PROJECT_ROOT/runs/phase35_subset_repeat_uncertainty/repeat_runs/seed11_hist2p0,case03,Base-of-tongue / oropharynx bilobed central mass,oropharynx_bot,bystander_with_sink,"Bystander, anatomical vascular sink",15.04439115524292,1.407943939814053,18.915153700757006,16.01162242244196,39.43385543823242,36.73928924560547,15.67766144685071,16.572096347808838,17.918948380201595,40.013877868652344,16.64814402069708,12.770382045715923,22.998003234863283,17.352202370654318,18.915153700757006,31.299505457451183,22.230647522503563,793,18035,4.179268424549941,6
seed11_hist2p0,11,2.0,24000,48000,PROJECT_ROOT/runs/phase35_subset_repeat_uncertainty/repeat_runs/seed11_hist2p0,case04,Laryngo-hypopharyngeal elongated cylinder,laryngohypopharynx,physical_only,Physical-only,3.500000023841858,2.2308990263342428,5.394136099874832,3.620134820780274,8.45138187408447,14.239961547851562,3.059380127384205,3.8537049293518066,6.0193978620018385,16.19331169128418,2.5769218001401786,2.034291637797993,9.618445625305174,4.273922747808859,5.387227403545196,13.245091080665588,5.937109176307988,256,13699,-4.363216977916362,1
seed11_hist2p0,11,2.0,24000,48000,PROJECT_ROOT/runs/phase35_subset_repeat_uncertainty/repeat_runs/seed11_hist2p0,case04,Laryngo-hypopharyngeal elongated cylinder,laryngohypopharynx,bystander_no_sink,"Bystander, no vascular sink",16.615205192565917,1.469737616654928,19.705222052944528,14.079966720288175,32.67284652709961,24.285929260253905,12.743363771534929,20.769687843322753,20.824869027447775,38.93783187866211,11.984601437925088,8.729106680908485,21.94972686767578,15.054522296479497,19.696457403808747,34.810982540249825,23.685168118292037,256,13699,-0.13800664934462642,2
seed11_hist2p0,11,2.0,24000,48000,PROJECT_ROOT/runs/phase35_subset_repeat_uncertainty/repeat_runs/seed11_hist2p0,case04,Laryngo-hypopharyngeal elongated cylinder,laryngohypopharynx,bystander_with_sink,"Bystander, anatomical vascular sink",11.717509651184082,1.7022365810830422,17.725832325687318,13.446466174625906,32.44874328613281,24.219722900390625,11.86829721759064,11.724488449096679,20.585198245919525,38.75886535644531,11.05535404947069,8.485817470984859,21.598008117675775,14.371079323547958,17.71450648117122,34.5958141759038,20.323740284028162,256,13699,-3.470747291672816,2
seed11_hist2p0,11,2.0,24000,48000,PROJECT_ROOT/runs/phase35_subset_repeat_uncertainty/repeat_runs/seed11_hist2p0,case05,Parapharyngeal / prestyloid deep-space bulky mass,parapharyngeal_deep_space,physical_only,Physical-only,3.499999976158142,2.263290499534416,5.74848970298724,4.847226373213821,13.944996032714844,12.33478458404541,5.943175631821758,3.8425793647766113,5.632373863698528,20.516847610473633,1.5384093287015201,3.5369410439946476,13.181787471771248,5.7282922171546256,5.74848970298724,14.227830884382897,6.286347637349125,776,18122,1.516805132237052,4
seed11_hist2p0,11,2.0,24000,48000,PROJECT_ROOT/runs/phase35_subset_repeat_uncertainty/repeat_runs/seed11_hist2p0,case05,Parapharyngeal / prestyloid deep-space bulky mass,parapharyngeal_deep_space,bystander_no_sink,"Bystander, no vascular sink",16.788625144958495,1.5838483668225358,19.36823559130242,16.0758902689493,38.41544540405273,37.57218490600586,22.61298930042922,19.300460815429688,17.62036725389699,42.18407440185547,9.623470709058974,12.580106524491276,23.44303142547608,16.89927444548666,19.36823559130242,36.534567014458254,23.066960057390276,776,18122,1.8204592787517773,5
seed11_hist2p0,11,2.0,24000,48000,PROJECT_ROOT/runs/phase35_subset_repeat_uncertainty/repeat_runs/seed11_hist2p0,case05,Parapharyngeal / prestyloid deep-space bulky mass,parapharyngeal_deep_space,bystander_with_sink,"Bystander, anatomical vascular sink",15.489461135864259,1.4246860951757032,18.67845648632246,15.70779265086624,38.2615754699707,37.344777221679685,21.273447217844954,17.844412326812744,17.531943364040032,38.76648712158203,9.064503802675189,12.39339740251383,22.706023979187016,16.257501366604593,18.67845648632246,31.29492025768634,21.96618635056364,776,18122,3.927328016072696,5
seed11_hist2p0,11,2.0,24000,48000,PROJECT_ROOT/runs/phase35_subset_repeat_uncertainty/repeat_runs/seed11_hist2p0,case06,Buccal mucosa / cheek infiltrative crescent,cheek_superficial,physical_only,Physical-only,3.5000001430511474,2.384587683434075,6.028467021971974,5.191092595225391,5.966918239593505,10.17609172821045,4.6664642748206555,3.5595947742462157,6.374669768861942,18.43747329711914,0.1152096663084295,3.595477854345978,9.57883758544921,3.221724773309211,6.028467021971974,13.64082952893736,5.720414318878402,237,16899,-2.9494921025300513,3
seed11_hist2p0,11,2.0,24000,48000,PROJECT_ROOT/runs/phase35_subset_repeat_uncertainty/repeat_runs/seed11_hist2p0,case06,Buccal mucosa / cheek infiltrative crescent,cheek_superficial,bystander_no_sink,"Bystander, no vascular sink",16.85619525909424,1.4118592199905913,20.074504579965225,16.66618018767614,17.375792312622067,21.249496231079103,20.70659191054527,18.327084350585938,17.90952245074529,39.440223693847656,2.2740883199855535,13.134121234742324,21.73667945861816,12.496466877736278,20.074504579965225,33.407656021761994,23.6621722256307,237,16899,1.999420409528658,6
seed11_hist2p0,11,2.0,24000,48000,PROJECT_ROOT/runs/phase35_subset_repeat_uncertainty/repeat_runs/seed11_hist2p0,case06,Buccal mucosa / cheek infiltrative crescent,cheek_superficial,bystander_with_sink,"Bystander, anatomical vascular sink",15.339066505432129,1.4374194367710464,19.487433894064782,16.219895754453894,17.283039855957032,21.11014289855957,20.073185834017668,17.375975799560546,17.853115710680697,39.44021987915039,2.0548949228994773,12.79289896718614,21.70309066772461,11.902666399097532,19.487433894064782,33.4076520139155,23.24140828995671,237,16899,1.4619548891709124,4
seed11_hist2p0,11,2.0,24000,48000,PROJECT_ROOT/runs/phase35_subset_repeat_uncertainty/repeat_runs/seed11_hist2p0,case07,Oral tongue / floor-of-mouth horseshoe,oral_tongue_floor_mouth,physical_only,Physical-only,3.4999999284744265,1.9613559373300584,6.414848221450739,5.48530883486386,6.0544351387023925,8.029797916412354,4.7447434719162755,3.9739195823669435,6.66341018233875,22.139060974121094,2.4459212464515607,4.743986135181615,14.276781425476075,4.97457947285169,6.414848221450739,13.546812640503049,6.906860903046473,512,16591,3.5257164573415483,5
seed11_hist2p0,11,2.0,24000,48000,PROJECT_ROOT/runs/phase35_subset_repeat_uncertainty/repeat_runs/seed11_hist2p0,case07,Oral tongue / floor-of-mouth horseshoe,oral_tongue_floor_mouth,bystander_no_sink,"Bystander, no vascular sink",16.757061576843263,1.5763840756967407,19.99841292187211,16.76868697698443,17.862809829711914,19.65016403198242,16.226105356698085,19.510963439941406,19.316862335146027,41.68659591674805,13.269131645048507,14.962713695665782,24.083321342468263,16.144133847841218,19.99841292187211,37.15307851880789,23.56854467867339,512,16591,0.019671301688895443,3
seed11_hist2p0,11,2.0,24000,48000,PROJECT_ROOT/runs/phase35_subset_repeat_uncertainty/repeat_runs/seed11_hist2p0,case07,Oral tongue / floor-of-mouth horseshoe,oral_tongue_floor_mouth,bystander_with_sink,"Bystander, anatomical vascular sink",14.901584339141845,1.6118227482590477,19.26814572726546,16.032058252604656,17.765431976318357,19.189004821777345,15.742536697002372,18.332927703857422,19.242659068329047,41.684173583984375,12.745901627974076,14.44932305742199,24.07411205291748,15.322783029136355,19.26814572726546,37.14495339244604,23.04530906550787,512,16591,-1.0961603947925989,3
seed22_hist0p5,22,0.5,6000,12000,PROJECT_ROOT/runs/phase35_subset_repeat_uncertainty/repeat_runs/seed22_hist0p5,case02,Left maxillary sinus crescent abutting orbit,sinonasal_midface,physical_only,Physical-only,3.4999999403953552,1.6312406215865887,8.10295873001074,6.675601613135539,5.4635678482055665,8.526149444580083,0.1821459691294215,4.1489149093627935,5.976967528324009,26.142696380615234,8.769671366431496,4.106349439664879,16.892342376708978,4.291828695408992,8.10295873001074,14.17617427280971,8.69042499629612,525,18031,-3.43990487354536,1
seed22_hist0p5,22,0.5,6000,12000,PROJECT_ROOT/runs/phase35_subset_repeat_uncertainty/repeat_runs/seed22_hist0p5,case02,Left maxillary sinus crescent abutting orbit,sinonasal_midface,bystander_no_sink,"Bystander, no vascular sink",17.17949628829956,1.5808244110775356,21.106289907989012,17.543489779325867,15.975794639587402,23.569505157470708,3.1759546113736703,20.34671745300293,17.0517018557333,41.37940979003906,18.36168512671885,12.535492067036474,26.015636444091793,13.083372151339134,21.106289907989012,38.27490834554037,24.21199222211598,525,18031,-4.967566024912156,1
seed22_hist0p5,22,0.5,6000,12000,PROJECT_ROOT/runs/phase35_subset_repeat_uncertainty/repeat_runs/seed22_hist0p5,case02,Left maxillary sinus crescent abutting orbit,sinonasal_midface,bystander_with_sink,"Bystander, anatomical vascular sink",16.372428321838377,1.6004339026743997,20.79819972384781,17.298542685719884,15.928818817138671,23.222523880004882,2.931053337304279,19.622782897949218,16.99932647120473,41.36647415161133,17.957844341162478,12.311415982515658,25.988265609741212,12.476170441460605,20.79819972384781,38.25799619402204,23.904764907873513,525,18031,-5.397933287936152,1
seed22_hist0p5,22,0.5,6000,12000,PROJECT_ROOT/runs/phase35_subset_repeat_uncertainty/repeat_runs/seed22_hist0p5,case03,Base-of-tongue / oropharynx bilobed central mass,oropharynx_bot,physical_only,Physical-only,3.5000000596046448,1.460517369477163,9.478619964413015,7.97438320599155,17.557484893798826,19.807372055053715,5.76807837907714,4.238472557067871,12.179147935135077,30.686912536621094,9.430830693485762,6.0039076847645365,20.309942054748536,8.999510037664939,9.478619964413015,14.363548053318134,9.834561610492868,793,18035,5.227670426246467,6
seed22_hist0p5,22,0.5,6000,12000,PROJECT_ROOT/runs/phase35_subset_repeat_uncertainty/repeat_runs/seed22_hist0p5,case03,Base-of-tongue / oropharynx bilobed central mass,oropharynx_bot,bystander_no_sink,"Bystander, no vascular sink",18.48612689971924,1.4821897853255808,22.33771449820489,18.75042931955137,38.851896362304686,37.22110549926758,17.7070146695532,21.457080554962157,22.559800865480405,45.81103515625,21.06554299942171,15.137873965418267,28.425967750549322,19.766025585000293,22.33771449820489,38.149344993870315,25.73850216184721,793,18035,2.926521143069444,5
seed22_hist0p5,22,0.5,6000,12000,PROJECT_ROOT/runs/phase35_subset_repeat_uncertainty/repeat_runs/seed22_hist0p5,case03,Base-of-tongue / oropharynx bilobed central mass,oropharynx_bot,bystander_with_sink,"Bystander, anatomical vascular sink",14.979743719100952,1.302337128191315,21.495939831577772,18.346606756529077,38.64945220947265,36.7009049987793,16.653298130420723,16.102968311309816,22.48430307287919,43.98902893066406,20.07482356447162,14.934778272508586,28.274063110351562,19.191680753774275,21.495939831577772,31.673767404929084,24.32071290858274,793,18035,5.647216246537867,6
seed22_hist0p5,22,0.5,6000,12000,PROJECT_ROOT/runs/phase35_subset_repeat_uncertainty/repeat_runs/seed22_hist0p5,case04,Laryngo-hypopharyngeal elongated cylinder,laryngohypopharynx,physical_only,Physical-only,3.4999999046325683,1.776227398215005,6.96110214413345,4.637836781788189,13.697360076904294,26.08214324951172,5.888622360518484,4.218739175796509,5.15686847458683,34.2907829284668,4.563169774864659,2.847086701158359,17.443052139282187,5.899423516739074,6.959401913838948,13.930989680811763,7.843021504347651,256,13699,-1.4268140589436946,3
seed22_hist0p5,22,0.5,6000,12000,PROJECT_ROOT/runs/phase35_subset_repeat_uncertainty/repeat_runs/seed22_hist0p5,case04,Laryngo-hypopharyngeal elongated cylinder,laryngohypopharynx,bystander_no_sink,"Bystander, no vascular sink",17.55693664550781,1.4008340388749811,20.973422895701084,14.96668357214246,34.28038864135742,33.104384918212894,15.91889477161446,22.084264183044432,19.921413660787575,42.249305725097656,14.454450926154552,9.60223696252511,26.355029830932615,16.39627831391304,20.968262009374698,35.16981392353773,25.10633875786088,256,13699,-1.0439464483403194,3
seed22_hist0p5,22,0.5,6000,12000,PROJECT_ROOT/runs/phase35_subset_repeat_uncertainty/repeat_runs/seed22_hist0p5,case04,Laryngo-hypopharyngeal elongated cylinder,laryngohypopharynx,bystander_with_sink,"Bystander, anatomical vascular sink",12.780698108673096,1.6079587952813144,18.990535486763843,14.330845867921859,34.088018798828124,33.05405654907227,15.12244391296849,12.6843731880188,19.65961975357481,41.87543487548828,13.575238888673107,9.36049643837513,26.230636901855465,15.717174286702207,18.982818203020614,34.94651957601309,21.73346710037999,256,13699,-2.0299259657561777,3
seed22_hist0p5,22,0.5,6000,12000,PROJECT_ROOT/runs/phase35_subset_repeat_uncertainty/repeat_runs/seed22_hist0p5,case05,Parapharyngeal / prestyloid deep-space bulky mass,parapharyngeal_deep_space,physical_only,Physical-only,3.5000001192092896,1.486927355187289,8.91004801897963,8.190576295998953,18.732029495239257,11.370667915344239,9.324554721755211,3.988188087940216,10.07605974076333,37.019874572753906,3.380490474749093,6.107571353473584,20.435267944335948,9.100582656176261,8.91004801897963,14.343168044213167,9.646179414330932,776,18122,3.8182771277853957,5
seed22_hist0p5,22,0.5,6000,12000,PROJECT_ROOT/runs/phase35_subset_repeat_uncertainty/repeat_runs/seed22_hist0p5,case05,Parapharyngeal / prestyloid deep-space bulky mass,parapharyngeal_deep_space,bystander_no_sink,"Bystander, no vascular sink",17.75997714996338,1.4423183084795776,21.76357685714132,18.912579681549545,38.301035766601565,37.43856460571289,24.87204429742062,20.80285406112671,21.08443619223202,45.150482177734375,12.78475381292478,15.356192049353256,28.40824729919434,19.834873636990018,21.76357685714132,36.650472670486295,25.410807347458174,776,18122,4.975437745200182,6
seed22_hist0p5,22,0.5,6000,12000,PROJECT_ROOT/runs/phase35_subset_repeat_uncertainty/repeat_runs/seed22_hist0p5,case05,Parapharyngeal / prestyloid deep-space bulky mass,parapharyngeal_deep_space,bystander_with_sink,"Bystander, anatomical vascular sink",15.930454063415528,1.2900391476658049,21.093919294410842,18.547331116446486,38.14630920410156,37.209733123779294,23.59816716897367,18.87199878692627,21.002429203352325,41.95572280883789,12.252120044977978,15.171009698196766,28.191584548950203,19.201060415476693,21.093919294410842,31.419875405498388,24.355753437676267,776,18122,5.621874236133624,5
seed22_hist0p5,22,0.5,6000,12000,PROJECT_ROOT/runs/phase35_subset_repeat_uncertainty/repeat_runs/seed22_hist0p5,case06,Buccal mucosa / cheek infiltrative crescent,cheek_superficial,physical_only,Physical-only,3.500000071525574,1.6722721969252505,7.8698190576208855,5.998015462304213,8.649199218749999,5.492936496734619,9.46439030146358,4.036127662658691,2.2928989011067724,29.337318420410156,0.6824092173666665,3.7413551117263073,15.280131530761714,2.9162058098658723,7.8698190576208855,14.236317107446084,8.513157806260196,237,16899,-3.229725998411155,2
seed22_hist0p5,22,0.5,6000,12000,PROJECT_ROOT/runs/phase35_subset_repeat_uncertainty/repeat_runs/seed22_hist0p5,case06,Buccal mucosa / cheek infiltrative crescent,cheek_superficial,bystander_no_sink,"Bystander, no vascular sink",17.786318588256837,1.316618122503755,21.48329673640812,17.234248407731055,19.049463195800776,17.456228637695315,24.5406315562701,20.44594039916992,13.099879576325785,41.208412170410156,5.487469035206419,12.890801236534193,25.184078216552727,11.678454806842845,21.48329673640812,34.055535062958924,25.86591698904843,237,16899,-0.17729866155425622,4
seed22_hist0p5,22,0.5,6000,12000,PROJECT_ROOT/runs/phase35_subset_repeat_uncertainty/repeat_runs/seed22_hist0p5,case06,Buccal mucosa / cheek infiltrative crescent,cheek_superficial,bystander_with_sink,"Bystander, anatomical vascular sink",16.456149673461915,1.3388838460247532,20.88546659053998,16.791111663216533,18.984320983886715,17.3432088470459,23.858365062752156,19.449600219726562,13.03572511525346,41.20806884765625,5.305936690051146,12.56883145357322,25.180532836914054,11.090004405726571,20.88546659053998,34.0555309665857,25.435762084738816,237,16899,-1.2936658866176658,4
seed22_hist0p5,22,0.5,6000,12000,PROJECT_ROOT/runs/phase35_subset_repeat_uncertainty/repeat_runs/seed22_hist0p5,case07,Oral tongue / floor-of-mouth horseshoe,oral_tongue_floor_mouth,physical_only,Physical-only,3.500000047683716,1.5835383345967582,8.169733844030606,6.314189808967127,8.052638549804685,14.270776901245117,7.456693467708549,4.113873386383057,7.838220085891039,29.444982528686523,5.88041520455871,5.004477945966174,16.565952568054204,5.755896994653895,8.169733844030606,14.372135009616613,9.075962795227449,512,16591,-0.9495025996684177,4
seed22_hist0p5,22,0.5,6000,12000,PROJECT_ROOT/runs/phase35_subset_repeat_uncertainty/repeat_runs/seed22_hist0p5,case07,Oral tongue / floor-of-mouth horseshoe,oral_tongue_floor_mouth,bystander_no_sink,"Bystander, no vascular sink",17.337030601501464,1.5052848847951354,21.2761759659613,17.23997282704084,19.84799377441406,24.143640289306642,18.357035918187613,20.657800006866456,20.130831145649722,45.35776901245117,16.84756403451014,14.77045533069912,25.677135620117188,16.481510318031784,21.2761759659613,37.67902211844921,25.03115689199072,512,16591,-1.7131477534628978,2
seed22_hist0p5,22,0.5,6000,12000,PROJECT_ROOT/runs/phase35_subset_repeat_uncertainty/repeat_runs/seed22_hist0p5,case07,Oral tongue / floor-of-mouth horseshoe,oral_tongue_floor_mouth,bystander_with_sink,"Bystander, anatomical vascular sink",15.564745998382568,1.5370153121236116,20.540794608252188,16.497291435974272,19.763207931518554,23.980012283325195,17.885626873825537,19.701910877227782,20.05996039482093,45.3562126159668,16.373807853159278,14.253728334433873,25.667707443237312,15.649561939344904,20.540794608252188,37.66995672881603,24.508511028930137,512,16591,-2.5475653423614664,2
seed22_hist1p0,22,1.0,12000,24000,PROJECT_ROOT/runs/phase35_subset_repeat_uncertainty/repeat_runs/seed22_hist1p0,case02,Left maxillary sinus crescent abutting orbit,sinonasal_midface,physical_only,Physical-only,3.5,1.7653279133866502,7.269001008230007,5.986681020701999,5.1177670478820785,5.824108314514164,0.1940097650042688,3.985291910171509,8.229429512570148,21.69599151611328,7.015623918205801,3.8373363615893226,15.350854873657227,4.269109865630755,7.269001008230007,13.48783070518857,7.640410941734428,525,18031,-2.0735657028805585,2
seed22_hist1p0,22,1.0,12000,24000,PROJECT_ROOT/runs/phase35_subset_repeat_uncertainty/repeat_runs/seed22_hist1p0,case02,Left maxillary sinus crescent abutting orbit,sinonasal_midface,bystander_no_sink,"Bystander, no vascular sink",16.943071365356445,1.6113836097491048,20.473845370375457,17.01056015321897,16.478137817382812,22.967489852905278,3.3931816663404906,19.803006744384767,19.323937636041787,40.87456512451172,17.05441841742005,12.24005344980844,24.96666069030761,13.278659273750739,20.473845370375457,37.8439616321382,23.485383246532198,525,18031,-4.713829139830121,1
seed22_hist1p0,22,1.0,12000,24000,PROJECT_ROOT/runs/phase35_subset_repeat_uncertainty/repeat_runs/seed22_hist1p0,case02,Left maxillary sinus crescent abutting orbit,sinonasal_midface,bystander_with_sink,"Bystander, anatomical vascular sink",15.942891788482665,1.6320715272214823,20.167117604381403,16.771631065390686,16.396484909057616,22.45760261535645,3.137064838168597,19.007073593139648,19.265761818310054,40.85898208618164,16.61113202644117,12.019980297957044,24.938842391967754,12.639629219463497,20.167117604381403,37.82764490763346,23.177688156862267,525,18031,-4.517670307296774,1
seed22_hist1p0,22,1.0,12000,24000,PROJECT_ROOT/runs/phase35_subset_repeat_uncertainty/repeat_runs/seed22_hist1p0,case03,Base-of-tongue / oropharynx bilobed central mass,oropharynx_bot,physical_only,Physical-only,3.5000001788139343,1.7352986973771727,7.597930983826825,6.696715112680374,19.604501800537108,17.140441360473634,3.703235135415588,4.192362833023071,7.6532637751877495,20.869369506835938,5.089293627305464,4.904294404137927,13.979472217559815,7.738814739565268,7.597930983826825,14.20241740372262,8.184422327515687,793,18035,3.509341235393056,6
seed22_hist1p0,22,1.0,12000,24000,PROJECT_ROOT/runs/phase35_subset_repeat_uncertainty/repeat_runs/seed22_hist1p0,case03,Base-of-tongue / oropharynx bilobed central mass,oropharynx_bot,bystander_no_sink,"Bystander, no vascular sink",18.016630172729492,1.5422767652053468,21.059949060887156,17.847213262804758,41.769434204101564,38.73205123901367,16.625084738297897,20.836060523986816,19.24395276592243,42.85258865356445,17.839358036927504,14.192290003700164,24.395212287902833,18.993819197228223,21.059949060887156,38.06832902819332,24.683202060120966,793,18035,2.8537313887634976,6
seed22_hist1p0,22,1.0,12000,24000,PROJECT_ROOT/runs/phase35_subset_repeat_uncertainty/repeat_runs/seed22_hist1p0,case03,Base-of-tongue / oropharynx bilobed central mass,oropharynx_bot,bystander_with_sink,"Bystander, anatomical vascular sink",15.236166000366211,1.358712490957415,20.209111599320728,17.443480649469997,41.561380767822264,38.373762969970706,15.49546745570019,16.58713045120239,19.154608295428865,42.548988342285156,16.73274236158891,13.986881821449572,23.874045448303225,18.422346800220403,20.209111599320728,31.58806438614411,23.24852726119094,793,18035,4.988036368821476,6
seed22_hist1p0,22,1.0,12000,24000,PROJECT_ROOT/runs/phase35_subset_repeat_uncertainty/repeat_runs/seed22_hist1p0,case04,Laryngo-hypopharyngeal elongated cylinder,laryngohypopharynx,physical_only,Physical-only,3.5,1.8266754977148563,6.396299078299569,4.173925947980221,13.666044807434078,31.356265258789065,3.73863457935025,4.642467927932739,4.58115588271581,37.40629196166992,3.0545467611515162,2.709954376828656,18.544103927612287,5.364494126278715,6.394296202224378,13.753766439855099,7.529397781412657,256,13699,-1.1826807650127589,3
seed22_hist1p0,22,1.0,12000,24000,PROJECT_ROOT/runs/phase35_subset_repeat_uncertainty/repeat_runs/seed22_hist1p0,case04,Laryngo-hypopharyngeal elongated cylinder,laryngohypopharynx,bystander_no_sink,"Bystander, no vascular sink",16.87822742462158,1.41403267421402,20.517448244496933,14.502586361506163,34.27973983764648,37.53078857421875,14.098301483886411,21.499067306518555,19.47851417086811,42.63378143310547,12.729263779611298,9.414514394911423,27.285132980346678,15.882859910680759,20.51189375639635,35.15233511477709,24.85963426150408,256,13699,0.6047641737091016,4
seed22_hist1p0,22,1.0,12000,24000,PROJECT_ROOT/runs/phase35_subset_repeat_uncertainty/repeat_runs/seed22_hist1p0,case04,Laryngo-hypopharyngeal elongated cylinder,laryngohypopharynx,bystander_with_sink,"Bystander, anatomical vascular sink",12.182662010192871,1.6275825388040617,18.51327045187531,13.859913702316696,34.06397262573242,37.48732116699219,13.232850171098805,12.387702941894531,19.206284936367542,42.63378143310547,11.863720288902822,9.172255809545371,27.170033035278315,15.194961300602666,18.505134719325792,34.92137910425663,21.455980432130133,256,13699,-1.983460161777839,3
seed22_hist1p0,22,1.0,12000,24000,PROJECT_ROOT/runs/phase35_subset_repeat_uncertainty/repeat_runs/seed22_hist1p0,case05,Parapharyngeal / prestyloid deep-space bulky mass,parapharyngeal_deep_space,physical_only,Physical-only,3.500000071525574,1.8256612027130232,6.879095658544324,6.20729688272576,16.28251152038574,12.51336566925049,6.462366187452066,3.7051353454589844,7.812671799039693,25.270572662353516,1.7560430573694634,4.597411754590404,15.220712966918954,7.208026527306176,6.879095658544324,13.93892876757789,7.635003004316435,776,18122,1.4503179666510813,5
seed22_hist1p0,22,1.0,12000,24000,PROJECT_ROOT/runs/phase35_subset_repeat_uncertainty/repeat_runs/seed22_hist1p0,case05,Parapharyngeal / prestyloid deep-space bulky mass,parapharyngeal_deep_space,bystander_no_sink,"Bystander, no vascular sink",17.141219711303712,1.5126448353269002,20.3497304070196,17.405593682883953,39.43770263671875,38.140596618652346,22.943617687803325,19.80299139022827,19.31559343013232,43.00288391113281,10.260271994272868,13.729905095168002,24.80121547698978,18.242099133082004,20.3497304070196,36.38659897538805,24.054952045319006,776,18122,2.6216403540540076,5
seed22_hist1p0,22,1.0,12000,24000,PROJECT_ROOT/runs/phase35_subset_repeat_uncertainty/repeat_runs/seed22_hist1p0,case05,Parapharyngeal / prestyloid deep-space bulky mass,parapharyngeal_deep_space,bystander_with_sink,"Bystander, anatomical vascular sink",15.538738346099853,1.3527469056171422,19.675327423782875,17.040137099554254,39.20813400268555,37.905879516601566,21.62204158282039,18.151136875152588,19.230812611594658,39.91669464111328,9.726797862004751,13.54335504451758,24.263623085021973,17.60495197370113,19.675327423782875,31.09723992200242,22.98821737671277,776,18122,4.24845269620956,5
seed22_hist1p0,22,1.0,12000,24000,PROJECT_ROOT/runs/phase35_subset_repeat_uncertainty/repeat_runs/seed22_hist1p0,case06,Buccal mucosa / cheek infiltrative crescent,cheek_superficial,physical_only,Physical-only,3.4999999046325683,2.021892648243516,6.734129498290252,5.6792629031183255,6.308580722808838,5.867466259002686,6.232232782575819,3.873603343963623,2.472504240809579,27.743993759155273,0.4074542716898099,3.574283501937828,13.461258316040011,2.7862748786097007,6.734129498290252,14.027381623344583,6.93774797367735,237,16899,-2.505012041920943,1
seed22_hist1p0,22,1.0,12000,24000,PROJECT_ROOT/runs/phase35_subset_repeat_uncertainty/repeat_runs/seed22_hist1p0,case06,Buccal mucosa / cheek infiltrative crescent,cheek_superficial,bystander_no_sink,"Bystander, no vascular sink",17.448713874816896,1.3652853095941275,20.701334127646092,17.031916436474415,17.1090689086914,17.8740625,22.427161093432495,19.490925216674807,13.422761639574365,38.5245475769043,4.178324624023052,12.851817376368464,24.219227218627918,11.695874564243194,20.701334127646092,33.84731078650881,24.79138283306582,237,16899,0.3471350900162242,3
seed22_hist1p0,22,1.0,12000,24000,PROJECT_ROOT/runs/phase35_subset_repeat_uncertainty/repeat_runs/seed22_hist1p0,case06,Buccal mucosa / cheek infiltrative crescent,cheek_superficial,bystander_with_sink,"Bystander, anatomical vascular sink",16.011030387878417,1.3895807901378037,20.097908702231443,16.582907009331347,17.050572891235344,17.79907943725586,21.747280273052176,18.476654052734375,13.356696959988621,38.52454376220703,3.9884276780215178,12.515851255533866,24.21830902099609,11.098613613199143,20.097908702231443,33.847306617704625,24.357926403363717,237,16899,-0.39672945065364185,4
seed22_hist1p0,22,1.0,12000,24000,PROJECT_ROOT/runs/phase35_subset_repeat_uncertainty/repeat_runs/seed22_hist1p0,case07,Oral tongue / floor-of-mouth horseshoe,oral_tongue_floor_mouth,physical_only,Physical-only,3.499999976158142,1.8174287815339685,7.209481390325538,5.87835923156996,8.090182571411132,8.711823883056642,5.770231417935304,3.9443180918693543,8.277639206717996,26.127368927001953,4.287065646865151,4.640618306795284,14.15101737976075,5.36240441343486,7.209481390325538,13.978626810014248,7.691430306400142,512,16591,0.8015993077701298,4
seed22_hist1p0,22,1.0,12000,24000,PROJECT_ROOT/runs/phase35_subset_repeat_uncertainty/repeat_runs/seed22_hist1p0,case07,Oral tongue / floor-of-mouth horseshoe,oral_tongue_floor_mouth,bystander_no_sink,"Bystander, no vascular sink",17.170363426208496,1.548316125927469,20.62330551056864,17.02338736294741,20.22657600402832,20.206030044555664,17.183225860981025,20.087383270263672,20.448534475391494,41.5516357421875,15.498676406012642,14.712672915580999,24.114336090087892,16.34505299452656,20.62330551056864,37.35047456622124,24.123287189718855,512,16591,-1.7134418667127187,2
seed22_hist1p0,22,1.0,12000,24000,PROJECT_ROOT/runs/phase35_subset_repeat_uncertainty/repeat_runs/seed22_hist1p0,case07,Oral tongue / floor-of-mouth horseshoe,oral_tongue_floor_mouth,bystander_with_sink,"Bystander, anatomical vascular sink",15.365318489074708,1.5826433532215622,19.88474532321739,16.280047194597312,20.10056625366211,20.063446197509766,16.68551790642016,19.066143131256105,20.37683894538289,41.550132751464844,15.028926999641188,14.194065339314056,24.086269454956053,15.512849864234553,19.88474532321739,37.34184266626835,23.594603667501502,512,16591,-2.338629145302773,2
seed22_hist2p0,22,2.0,24000,48000,PROJECT_ROOT/runs/phase35_subset_repeat_uncertainty/repeat_runs/seed22_hist2p0,case02,Left maxillary sinus crescent abutting orbit,sinonasal_midface,physical_only,Physical-only,3.5000000119209287,2.1064130071247575,6.255108279537924,5.314403198008321,3.37060528755188,5.515856113433838,0.1435745618070918,3.8800589561462404,7.780905857543827,24.27231216430664,5.589399973069779,3.5040820880081753,15.570205116271968,3.9322470787058204,6.255108279537924,13.89652311052595,6.597245204773317,525,18031,-4.076410674578266,2
seed22_hist2p0,22,2.0,24000,48000,PROJECT_ROOT/runs/phase35_subset_repeat_uncertainty/repeat_runs/seed22_hist2p0,case02,Left maxillary sinus crescent abutting orbit,sinonasal_midface,bystander_no_sink,"Bystander, no vascular sink",16.320607566833495,1.67942779226409,19.649283608071674,16.405798550722675,14.603880882263182,23.56257026672364,2.854437524983377,18.9644287109375,18.835932408323966,40.603553771972656,15.793430767637311,11.900353327530963,24.964023590087866,12.771367682633386,19.649283608071674,38.02172608875093,22.639690889890918,525,18031,-4.461396009980167,1
seed22_hist2p0,22,2.0,24000,48000,PROJECT_ROOT/runs/phase35_subset_repeat_uncertainty/repeat_runs/seed22_hist2p0,case02,Left maxillary sinus crescent abutting orbit,sinonasal_midface,bystander_with_sink,"Bystander, anatomical vascular sink",15.258659172058106,1.7015633710528177,19.344746589721975,16.16592977412666,14.52522911071777,23.31991737365723,2.6342247769086047,18.0424072265625,18.780143012941437,40.58876037597656,15.355347767261543,11.683651320662095,24.953807449340818,12.152143029816338,19.344746589721975,38.006524323962985,22.336237938906148,525,18031,-4.289085665612853,1
seed22_hist2p0,22,2.0,24000,48000,PROJECT_ROOT/runs/phase35_subset_repeat_uncertainty/repeat_runs/seed22_hist2p0,case03,Base-of-tongue / oropharynx bilobed central mass,oropharynx_bot,physical_only,Physical-only,3.5000001192092896,1.9585166559155114,6.417200472139336,5.556358022657688,16.99587371826172,16.05450420379639,4.626688168747257,4.030773091316223,5.930014157442855,18.84221839904785,4.329053694792468,4.1974166697418545,14.267842922210694,6.95829747656144,6.417200472139336,13.938614082817471,7.116923943800645,793,18035,2.2500566519369563,4
seed22_hist2p0,22,2.0,24000,48000,PROJECT_ROOT/runs/phase35_subset_repeat_uncertainty/repeat_runs/seed22_hist2p0,case03,Base-of-tongue / oropharynx bilobed central mass,oropharynx_bot,bystander_no_sink,"Bystander, no vascular sink",16.96207046508789,1.5889382347376484,20.061266858619003,16.66941182655787,40.250799102783205,37.949063262939454,17.51370692782932,20.009587574005128,17.762350650763732,41.1521110534668,17.296773949054757,13.203916168777894,24.315673484802247,18.267107609652097,20.061266858619003,37.870471557482496,23.833822315777642,793,18035,2.1603223288929123,5
seed22_hist2p0,22,2.0,24000,48000,PROJECT_ROOT/runs/phase35_subset_repeat_uncertainty/repeat_runs/seed22_hist2p0,case03,Base-of-tongue / oropharynx bilobed central mass,oropharynx_bot,bystander_with_sink,"Bystander, anatomical vascular sink",15.281285285949707,1.403000896209297,19.213378740097344,16.27168686194561,40.026630249023434,37.69471954345703,16.424767382458004,16.447708797454833,17.666983043446262,40.638912200927734,16.188271850046487,13.000375372325356,23.638085594177248,17.704248663476655,19.213378740097344,31.429441480889146,22.401583324577263,793,18035,3.87719833299085,5
seed22_hist2p0,22,2.0,24000,48000,PROJECT_ROOT/runs/phase35_subset_repeat_uncertainty/repeat_runs/seed22_hist2p0,case04,Laryngo-hypopharyngeal elongated cylinder,laryngohypopharynx,physical_only,Physical-only,3.4999998569488526,1.8931862051186246,5.954525753466363,3.816350258122531,12.796187782287596,30.420253372192384,3.1297881494868887,4.416968774795532,4.909025350775881,32.22672653198242,2.7652378914332147,2.4790675734695315,17.04461563110338,5.011187658425925,5.950019981454594,13.659526906907558,7.21509953430686,256,13699,1.2788636932230897,3
seed22_hist2p0,22,2.0,24000,48000,PROJECT_ROOT/runs/phase35_subset_repeat_uncertainty/repeat_runs/seed22_hist2p0,case04,Laryngo-hypopharyngeal elongated cylinder,laryngohypopharynx,bystander_no_sink,"Bystander, no vascular sink",16.479351615905763,1.428869749165625,20.137858656126642,14.090089941992977,34.72036590576172,36.722990112304686,13.18472395039568,21.03704242706299,19.776480633407925,42.80030059814453,12.355306004996251,9.108104959160773,26.350277633666977,15.570963310755221,20.130620118854694,35.114631831645966,24.57511039907649,256,13699,1.8291212504113938,4
seed22_hist2p0,22,2.0,24000,48000,PROJECT_ROOT/runs/phase35_subset_repeat_uncertainty/repeat_runs/seed22_hist2p0,case04,Laryngo-hypopharyngeal elongated cylinder,laryngohypopharynx,bystander_with_sink,"Bystander, anatomical vascular sink",11.816999340057373,1.647266071608013,18.1364973211515,13.450099580052944,34.51053634643554,36.65406661987305,12.29438676641445,11.917911624908447,19.510582731973276,42.631893157958984,11.504373602433638,8.86397763491195,26.2325827026367,14.884055610936125,18.12667681207908,34.88654087483883,21.178449235455695,256,13699,-1.7681094746779333,2
seed22_hist2p0,22,2.0,24000,48000,PROJECT_ROOT/runs/phase35_subset_repeat_uncertainty/repeat_runs/seed22_hist2p0,case05,Parapharyngeal / prestyloid deep-space bulky mass,parapharyngeal_deep_space,physical_only,Physical-only,3.499999833106995,2.030891166495723,6.165636549212563,5.549446236312997,14.892240829467772,13.107248420715333,6.1962471803029375,3.6709046959877014,5.686755965737736,20.68105697631836,2.173646269422589,3.9701032834839265,13.271179046630872,6.062455630619508,6.165636549212563,13.885793249631666,6.837290682391133,776,18122,3.7340813191506577,6
seed22_hist2p0,22,2.0,24000,48000,PROJECT_ROOT/runs/phase35_subset_repeat_uncertainty/repeat_runs/seed22_hist2p0,case05,Parapharyngeal / prestyloid deep-space bulky mass,parapharyngeal_deep_space,bystander_no_sink,"Bystander, no vascular sink",17.040164375305174,1.5461887620571897,19.790097574704053,16.832035638879077,39.072403564453126,38.39999771118164,22.771834427419336,19.473329544067383,17.415122007068835,42.2914924621582,11.231343775084525,13.062872906226113,23.733376655578613,17.24173365135461,19.790097574704053,36.354246159189756,23.51216555915254,776,18122,2.2926135626011446,6
seed22_hist2p0,22,2.0,24000,48000,PROJECT_ROOT/runs/phase35_subset_repeat_uncertainty/repeat_runs/seed22_hist2p0,case05,Parapharyngeal / prestyloid deep-space bulky mass,parapharyngeal_deep_space,bystander_with_sink,"Bystander, anatomical vascular sink",15.468435668945313,1.3855164709464003,19.101106408385974,16.462549594097474,38.911211547851565,38.13148651123047,21.44923545760338,18.03190517425537,17.326272960048712,39.585052490234375,10.67881063499836,12.875577537002311,22.918895797729498,16.59659082189768,19.101106408385974,31.067707801602552,22.423196297609678,776,18122,4.538359624851706,6
seed22_hist2p0,22,2.0,24000,48000,PROJECT_ROOT/runs/phase35_subset_repeat_uncertainty/repeat_runs/seed22_hist2p0,case06,Buccal mucosa / cheek infiltrative crescent,cheek_superficial,physical_only,Physical-only,3.5000000953674317,2.4078841226953442,5.476217123108285,4.68240949008849,3.6280507564544675,4.948366146087647,6.9178085057422365,3.7014389038085938,2.1079909161148427,22.45332908630371,0.3200918233153796,2.9257137924954373,10.380088615417467,2.363337667560974,5.476217123108285,13.534799535566242,5.62103442104831,237,16899,-6.2292809412185415,1
seed22_hist2p0,22,2.0,24000,48000,PROJECT_ROOT/runs/phase35_subset_repeat_uncertainty/repeat_runs/seed22_hist2p0,case06,Buccal mucosa / cheek infiltrative crescent,cheek_superficial,bystander_no_sink,"Bystander, no vascular sink",16.637255477905274,1.416848614828425,19.620119558502953,15.997697435643895,14.378246726989744,16.757667465209963,22.864086322591763,18.53685531616211,12.540961165177194,39.006317138671875,3.562047172074366,11.914574863505104,22.165362548828124,11.001587248598284,19.620119558502953,33.44247300514189,23.603420051472224,237,16899,-0.953853268019182,2
seed22_hist2p0,22,2.0,24000,48000,PROJECT_ROOT/runs/phase35_subset_repeat_uncertainty/repeat_runs/seed22_hist2p0,case06,Buccal mucosa / cheek infiltrative crescent,cheek_superficial,bystander_with_sink,"Bystander, anatomical vascular sink",15.427966308593751,1.442616289023561,19.031254848509366,15.557125501389766,14.27902690887451,16.652406158447267,22.237713615340414,17.62477912902832,12.481405584435715,39.00631332397461,3.4014973467046565,11.607138365006927,22.162267303466777,10.447913866671687,19.031254848509366,33.442469351402316,23.181818759330625,237,16899,-1.3316141984760428,3
seed22_hist2p0,22,2.0,24000,48000,PROJECT_ROOT/runs/phase35_subset_repeat_uncertainty/repeat_runs/seed22_hist2p0,case07,Oral tongue / floor-of-mouth horseshoe,oral_tongue_floor_mouth,physical_only,Physical-only,3.4999998807907104,1.863566587428564,6.87331785532139,5.5932928273511155,6.343723526000977,5.978461627960205,4.953521019521386,3.6606914520263674,8.70468366404436,24.912521362304688,3.71156111895436,4.392094035067246,14.726295814514161,5.045384184780319,6.87331785532139,13.45575407706201,7.220431063656752,512,16591,3.042689963087073,5
seed22_hist2p0,22,2.0,24000,48000,PROJECT_ROOT/runs/phase35_subset_repeat_uncertainty/repeat_runs/seed22_hist2p0,case07,Oral tongue / floor-of-mouth horseshoe,oral_tongue_floor_mouth,bystander_no_sink,"Bystander, no vascular sink",17.13949661254883,1.557810406993342,20.395628358094367,16.80612762402439,19.319094161987305,18.462022399902345,16.4702662265662,19.811217880249025,20.83072256672862,40.75022506713867,14.858656577871303,14.472478266703815,24.36461452484131,16.12244796615486,20.395628358094367,37.03192509710789,23.77177924275233,512,16591,-0.8668078639060401,3
seed22_hist2p0,22,2.0,24000,48000,PROJECT_ROOT/runs/phase35_subset_repeat_uncertainty/repeat_runs/seed22_hist2p0,case07,Oral tongue / floor-of-mouth horseshoe,oral_tongue_floor_mouth,bystander_with_sink,"Bystander, anatomical vascular sink",15.40164041519165,1.592777245374746,19.659555598467488,16.06246700452128,19.218814086914062,18.324990005493163,15.970691546045169,18.704608154296874,20.759675705026915,40.74468231201172,14.377120189474086,13.956557937681835,24.358599853515628,15.293069020936597,19.659555598467488,37.02349380403757,23.24461497145933,512,16591,-1.0267486190757436,4
seed33_hist0p5,33,0.5,6000,12000,PROJECT_ROOT/runs/phase35_subset_repeat_uncertainty/repeat_runs/seed33_hist0p5,case02,Left maxillary sinus crescent abutting orbit,sinonasal_midface,physical_only,Physical-only,3.499999952316284,1.655462899121467,8.030784871125912,7.714335744786306,8.124700431823724,10.921363372802736,0.16018150657264874,3.7654183387756346,10.63622690871035,41.11127853393555,8.989546358224118,4.968214030337683,19.16718597412109,6.105692143194017,8.030784871125912,13.81957098642985,8.347859075406474,525,18031,-4.377543342647976,2
seed33_hist0p5,33,0.5,6000,12000,PROJECT_ROOT/runs/phase35_subset_repeat_uncertainty/repeat_runs/seed33_hist0p5,case02,Left maxillary sinus crescent abutting orbit,sinonasal_midface,bystander_no_sink,"Bystander, no vascular sink",17.219868659973145,1.5887796140920174,21.09209399894886,18.37706067418272,19.01577430725097,24.69165161132813,3.0144306517610646,19.800444412231446,21.4280599470109,44.746891021728516,18.73693388351286,13.219648698649998,27.449777221679685,14.868109301307271,21.09209399894886,38.137647414434525,24.004366040553755,525,18031,-5.557604389366606,1
seed33_hist0p5,33,0.5,6000,12000,PROJECT_ROOT/runs/phase35_subset_repeat_uncertainty/repeat_runs/seed33_hist0p5,case02,Left maxillary sinus crescent abutting orbit,sinonasal_midface,bystander_with_sink,"Bystander, anatomical vascular sink",16.37512845993042,1.607938366259597,20.793840510377546,18.14313263099504,18.946546707153317,24.530220260620123,2.8043459004826015,19.256274795532228,21.36548751500369,44.73409652709961,18.307137660787564,12.988838211567668,27.33427925109861,14.233773838332112,20.793840510377546,38.123786998930434,23.709731541274426,525,18031,-5.805671575794939,1
seed33_hist0p5,33,0.5,6000,12000,PROJECT_ROOT/runs/phase35_subset_repeat_uncertainty/repeat_runs/seed33_hist0p5,case03,Base-of-tongue / oropharynx bilobed central mass,oropharynx_bot,physical_only,Physical-only,3.5,1.4957422264823377,9.189152543092371,7.651984863326235,25.120019454956054,21.455668640136718,4.624673942002383,3.706471574306488,7.73280652241072,31.387304306030273,11.051708407353873,5.795434399291676,18.940319557189945,10.045422968288186,9.189152543092371,14.579613728902078,9.747410663928488,793,18035,3.796744840656997,5
seed33_hist0p5,33,0.5,6000,12000,PROJECT_ROOT/runs/phase35_subset_repeat_uncertainty/repeat_runs/seed33_hist0p5,case03,Base-of-tongue / oropharynx bilobed central mass,oropharynx_bot,bystander_no_sink,"Bystander, no vascular sink",17.660865306854248,1.4923705536753435,22.139658813785804,18.407743549835327,39.79491302490234,39.62472412109375,17.09008186610058,20.225179767608644,19.579188187424982,46.65827560424805,22.190042208661936,14.471470405242174,27.579436645507815,20.723089330726502,22.139658813785804,38.276221894676716,25.64793428844582,793,18035,2.407723048980104,6
seed33_hist0p5,33,0.5,6000,12000,PROJECT_ROOT/runs/phase35_subset_repeat_uncertainty/repeat_runs/seed33_hist0p5,case03,Base-of-tongue / oropharynx bilobed central mass,oropharynx_bot,bystander_with_sink,"Bystander, anatomical vascular sink",15.569005489349365,1.3152038135223276,21.337151440659472,18.03929506101377,39.53806732177734,39.222057037353515,15.981229874582002,16.415522861480714,19.483590964562385,40.213470458984375,21.23727721397323,14.283610022889619,26.854876670837402,20.19652993674133,21.337151440659472,31.939229758360046,24.28462374422535,793,18035,4.172853293411021,6
seed33_hist0p5,33,0.5,6000,12000,PROJECT_ROOT/runs/phase35_subset_repeat_uncertainty/repeat_runs/seed33_hist0p5,case04,Laryngo-hypopharyngeal elongated cylinder,laryngohypopharynx,physical_only,Physical-only,3.500000143051148,1.7319694820936697,7.212247310369994,4.535144503512018,15.25839500427246,24.920184707641603,3.690529758641214,4.332997751235962,6.718463264567195,25.731670379638672,3.567158848107463,2.305656018170491,14.572365837097164,5.439809045857853,7.206419506699613,14.196610499173403,8.196801760047185,256,13699,-4.645690877192599,1
seed33_hist0p5,33,0.5,6000,12000,PROJECT_ROOT/runs/phase35_subset_repeat_uncertainty/repeat_runs/seed33_hist0p5,case04,Laryngo-hypopharyngeal elongated cylinder,laryngohypopharynx,bystander_no_sink,"Bystander, no vascular sink",16.90654411315918,1.402301103449336,21.085555526253163,14.806251810009508,34.99325576782226,32.3224594116211,13.467519724489463,21.577015304565432,21.486767407172234,41.73482894897461,13.342978674474388,8.730324825584438,25.04202713012695,16.03622981004149,21.07764143225731,35.47723541408777,25.299299363611702,256,13699,0.03524961201262733,3
seed33_hist0p5,33,0.5,6000,12000,PROJECT_ROOT/runs/phase35_subset_repeat_uncertainty/repeat_runs/seed33_hist0p5,case04,Laryngo-hypopharyngeal elongated cylinder,laryngohypopharynx,bystander_with_sink,"Bystander, anatomical vascular sink",12.428733253479004,1.6080184213044215,19.106202765202013,14.170037555122235,34.794035491943355,32.281390075683596,12.603179816043738,12.885950660705566,21.23597063442502,41.49805450439453,12.434327573968906,8.48789214733729,24.672574996948235,15.351237028790598,19.095730230502394,35.253505259752274,21.923570521757267,256,13699,-2.19011596255302,2
seed33_hist0p5,33,0.5,6000,12000,PROJECT_ROOT/runs/phase35_subset_repeat_uncertainty/repeat_runs/seed33_hist0p5,case05,Parapharyngeal / prestyloid deep-space bulky mass,parapharyngeal_deep_space,physical_only,Physical-only,3.500000023841858,1.7683781183202965,7.683424518699958,6.482959008805546,32.66195220947265,12.68235542297364,5.015125537400293,3.6542391777038574,7.121709602166994,35.504215240478516,2.440150096019109,4.922316962699319,17.310349578857426,7.953609428146034,7.683424518699958,14.288217038223424,8.079842704565449,776,18122,-1.6900395748870602,3
seed33_hist0p5,33,0.5,6000,12000,PROJECT_ROOT/runs/phase35_subset_repeat_uncertainty/repeat_runs/seed33_hist0p5,case05,Parapharyngeal / prestyloid deep-space bulky mass,parapharyngeal_deep_space,bystander_no_sink,"Bystander, no vascular sink",17.514649200439454,1.502345514513432,20.929479231331946,17.549407468632992,39.8170556640625,37.410885925292966,21.55019962811711,20.161075592041016,18.61665375978216,45.49584197998047,11.502065308888753,13.72552932737799,26.391958160400396,18.699324413411492,20.929479231331946,36.636866478575875,24.386445145038117,776,18122,1.3281655921319317,4
seed33_hist0p5,33,0.5,6000,12000,PROJECT_ROOT/runs/phase35_subset_repeat_uncertainty/repeat_runs/seed33_hist0p5,case05,Parapharyngeal / prestyloid deep-space bulky mass,parapharyngeal_deep_space,bystander_with_sink,"Bystander, anatomical vascular sink",16.10451030731201,1.3491933527502318,20.23278348317081,17.170164477716387,39.68583038330078,37.05467147827149,20.192181074739707,17.95820140838623,18.52790525306489,41.52021408081055,10.92184806110883,13.540974791109008,26.075547599792486,18.055228033575986,20.23278348317081,31.407182115869425,23.278488625702302,776,18122,2.617161520547681,5
seed33_hist0p5,33,0.5,6000,12000,PROJECT_ROOT/runs/phase35_subset_repeat_uncertainty/repeat_runs/seed33_hist0p5,case06,Buccal mucosa / cheek infiltrative crescent,cheek_superficial,physical_only,Physical-only,3.500000071525574,1.5433152710692355,10.64829403044918,9.616714440509893,10.418043403625488,9.25708969116211,4.6671747862690625,3.4981193065643312,21.806055833680713,37.101173400878906,0.19839564839124002,7.380418567028509,23.42085189819333,6.72990912313132,10.64829403044918,15.917255610856326,10.31367725651323,237,16899,1.0477918622066837,4
seed33_hist0p5,33,0.5,6000,12000,PROJECT_ROOT/runs/phase35_subset_repeat_uncertainty/repeat_runs/seed33_hist0p5,case06,Buccal mucosa / cheek infiltrative crescent,cheek_superficial,bystander_no_sink,"Bystander, no vascular sink",17.957059478759767,1.2973245339241126,23.559142481677963,20.29973951730324,20.99689010620117,20.442214736938478,20.900160365634495,19.46757698059082,29.623386448012788,42.41840362548828,2.7130412613502655,16.65021314634414,31.04248962402342,15.653071432356857,23.559142481677963,35.05127345056977,27.018122708700812,237,16899,1.839944106168203,5
seed33_hist0p5,33,0.5,6000,12000,PROJECT_ROOT/runs/phase35_subset_repeat_uncertainty/repeat_runs/seed33_hist0p5,case06,Buccal mucosa / cheek infiltrative crescent,cheek_superficial,bystander_with_sink,"Bystander, anatomical vascular sink",16.858712577819823,1.3175784085492022,22.990889129139113,19.86605314428548,20.877740173339845,20.26707748413086,20.190250868749136,18.73299331665039,29.57623674552138,42.41840362548828,2.5522081188481263,16.305985642661337,30.907793426513667,15.047322933015533,22.990889129139113,35.05126902423328,26.602795550382886,237,16899,1.3620825736848678,4
seed33_hist0p5,33,0.5,6000,12000,PROJECT_ROOT/runs/phase35_subset_repeat_uncertainty/repeat_runs/seed33_hist0p5,case07,Oral tongue / floor-of-mouth horseshoe,oral_tongue_floor_mouth,physical_only,Physical-only,3.4999998569488526,1.6258065430737982,9.671714272682403,9.67978471459044,25.36066535949707,18.136041488647468,6.23632740227863,3.6708383440971377,12.638803270210053,50.02936935424805,9.137326651390152,7.105071707396925,23.226438293457033,9.037557662290732,9.671714272682403,14.92461831215769,9.179824239076295,512,16591,5.86873708692489,6
seed33_hist0p5,33,0.5,6000,12000,PROJECT_ROOT/runs/phase35_subset_repeat_uncertainty/repeat_runs/seed33_hist0p5,case07,Oral tongue / floor-of-mouth horseshoe,oral_tongue_floor_mouth,bystander_no_sink,"Bystander, no vascular sink",18.00335865020752,1.5098191046234632,22.431540604424757,20.24750369137163,32.56085067749023,26.756669845581058,17.384836800893147,20.488001823425293,23.46151672575865,54.21728515625,19.790450167415116,16.96302327399733,30.621665954589858,19.357395203242145,22.431540604424757,37.980704482644796,25.155798046493047,512,16591,-0.053477969926286006,2
seed33_hist0p5,33,0.5,6000,12000,PROJECT_ROOT/runs/phase35_subset_repeat_uncertainty/repeat_runs/seed33_hist0p5,case07,Oral tongue / floor-of-mouth horseshoe,oral_tongue_floor_mouth,bystander_with_sink,"Bystander, anatomical vascular sink",17.50141658782959,1.5403058343740081,21.745817984673998,19.537686087601795,32.479282226562496,26.627665939331056,16.83121942173351,20.037221240997315,23.384697022452812,54.21728515625,19.313988937994445,16.45553186044669,30.43307315826419,18.568967345349037,21.745817984673998,37.97134344652295,24.65182082618988,512,16591,-0.15630984929558644,3
seed33_hist1p0,33,1.0,12000,24000,PROJECT_ROOT/runs/phase35_subset_repeat_uncertainty/repeat_runs/seed33_hist1p0,case02,Left maxillary sinus crescent abutting orbit,sinonasal_midface,physical_only,Physical-only,3.5,1.7966069888665888,7.571629834635082,6.350267394972314,4.304217872619628,7.62433998107911,0.21397229129015796,3.7045312881469727,10.421681207769057,41.908912658691406,6.310525364345974,3.867491504612612,16.51112937927246,5.1028538555147085,7.571629834635082,13.80194852374849,7.682230231362739,525,18031,-1.9335834344633442,2
seed33_hist1p0,33,1.0,12000,24000,PROJECT_ROOT/runs/phase35_subset_repeat_uncertainty/repeat_runs/seed33_hist1p0,case02,Left maxillary sinus crescent abutting orbit,sinonasal_midface,bystander_no_sink,"Bystander, no vascular sink",16.865617942810058,1.6221318461831153,20.697694309639395,17.299618188831715,15.71115043640136,23.02981567382813,3.0861632267634076,19.43463249206543,21.255213660721438,47.869903564453125,16.733304723103842,12.24347399445389,25.43548278808593,13.770976978385315,20.697694309639395,38.07318168276832,23.4710771336835,525,18031,-3.5738556892566833,1
seed33_hist1p0,33,1.0,12000,24000,PROJECT_ROOT/runs/phase35_subset_repeat_uncertainty/repeat_runs/seed33_hist1p0,case02,Left maxillary sinus crescent abutting orbit,sinonasal_midface,bystander_with_sink,"Bystander, anatomical vascular sink",15.984380149841309,1.6428351571588913,20.391388348153168,17.05469749590741,15.623897705078116,22.8095369720459,2.916181892578048,18.64895706176758,21.196570700536203,47.854061126708984,16.25717904061982,12.013902335760282,25.419866561889645,13.13815106503197,20.391388348153168,38.057860361735024,23.165964154037248,525,18031,-3.721391293591303,1
seed33_hist1p0,33,1.0,12000,24000,PROJECT_ROOT/runs/phase35_subset_repeat_uncertainty/repeat_runs/seed33_hist1p0,case03,Base-of-tongue / oropharynx bilobed central mass,oropharynx_bot,physical_only,Physical-only,3.5000001192092896,1.6557359939167076,7.893605106264787,6.3122657820646655,18.599873275756835,18.5877791595459,4.715152071943186,3.899498724937439,7.97205074948054,23.54033088684082,8.981715619443642,4.620076896488795,15.555738525390625,8.535382255425244,7.893605106264787,14.233529468502704,8.596496978260852,793,18035,4.261402113271613,6
seed33_hist1p0,33,1.0,12000,24000,PROJECT_ROOT/runs/phase35_subset_repeat_uncertainty/repeat_runs/seed33_hist1p0,case03,Base-of-tongue / oropharynx bilobed central mass,oropharynx_bot,bystander_no_sink,"Bystander, no vascular sink",17.19455051422119,1.5331067369665263,21.134804625536066,17.19059005637053,39.81591506958008,39.08498367309571,17.72147285384361,20.136626625061034,19.688461569440623,42.92383575439453,20.813608362217142,13.402311278863333,25.313608283996583,19.628436697542135,21.134804625536066,38.07653338370979,24.83619207039017,793,18035,3.2150417994317353,6
seed33_hist1p0,33,1.0,12000,24000,PROJECT_ROOT/runs/phase35_subset_repeat_uncertainty/repeat_runs/seed33_hist1p0,case03,Base-of-tongue / oropharynx bilobed central mass,oropharynx_bot,bystander_with_sink,"Bystander, anatomical vascular sink",15.663529396057129,1.3487658986548285,20.313689003478174,16.804784915852096,39.63287322998047,38.61924591064453,16.631736647480665,17.3630012512207,19.59514034200379,40.01507568359375,19.828262051669036,13.203800708953565,24.61102928161621,19.08251222436205,20.313689003478174,31.62392915362518,23.4465663649747,793,18035,4.662559904185677,6
seed33_hist1p0,33,1.0,12000,24000,PROJECT_ROOT/runs/phase35_subset_repeat_uncertainty/repeat_runs/seed33_hist1p0,case04,Laryngo-hypopharyngeal elongated cylinder,laryngohypopharynx,physical_only,Physical-only,3.4999999046325683,1.9199070266211269,6.1157045766817415,3.8142536735420576,12.86361804962158,26.443986892700195,3.353234562127277,4.305298233032227,5.339538831644383,27.45594596862793,2.791876085539057,2.103351772792463,13.752878570556602,4.783478232594313,6.109907462619222,13.835010256618261,7.206083453409045,256,13699,-0.824208793031747,3
seed33_hist1p0,33,1.0,12000,24000,PROJECT_ROOT/runs/phase35_subset_repeat_uncertainty/repeat_runs/seed33_hist1p0,case04,Laryngo-hypopharyngeal elongated cylinder,laryngohypopharynx,bystander_no_sink,"Bystander, no vascular sink",16.54467067718506,1.4327219541421659,20.24869668143945,14.107671305259876,34.65322708129882,33.658769073486326,13.379628922240903,21.029537010192872,20.210416978357745,41.30665588378906,12.199088903870246,8.439695124019016,24.412416610717763,15.380266120928797,20.240718354720922,35.18956332653761,24.561334615415426,256,13699,0.7053577610717243,3
seed33_hist1p0,33,1.0,12000,24000,PROJECT_ROOT/runs/phase35_subset_repeat_uncertainty/repeat_runs/seed33_hist1p0,case04,Laryngo-hypopharyngeal elongated cylinder,laryngohypopharynx,bystander_with_sink,"Bystander, anatomical vascular sink",11.66755542755127,1.6512384360055499,18.261246982068176,13.473612699890904,34.434986724853516,33.60918014526367,12.510069249856352,11.840228843688966,19.95705029248453,41.129798889160156,11.30699057530875,8.19670997072566,24.267075347900384,14.698394599138938,18.25069884961864,34.971249379217625,21.178800478878923,256,13699,-1.4953870897906523,3
seed33_hist1p0,33,1.0,12000,24000,PROJECT_ROOT/runs/phase35_subset_repeat_uncertainty/repeat_runs/seed33_hist1p0,case05,Parapharyngeal / prestyloid deep-space bulky mass,parapharyngeal_deep_space,physical_only,Physical-only,3.4999999046325683,2.0117584786890403,6.226131111328786,4.913785900432322,17.382209701538084,10.529837722778321,7.717367107699616,3.8106948733329773,5.361402574153876,23.051963806152344,1.7204651635102552,3.643718089623293,14.27351491928102,5.874452227000148,6.226131111328786,13.806424663238918,6.862863912091404,776,18122,0.4952810820581133,4
seed33_hist1p0,33,1.0,12000,24000,PROJECT_ROOT/runs/phase35_subset_repeat_uncertainty/repeat_runs/seed33_hist1p0,case05,Parapharyngeal / prestyloid deep-space bulky mass,parapharyngeal_deep_space,bystander_no_sink,"Bystander, no vascular sink",16.806746864318846,1.5466353253602194,19.754487195729975,16.00974442301037,38.423173370361326,36.99072296142578,23.76423561982434,19.60130262374878,16.82308415510337,44.054195404052734,10.092565247506807,12.266201505927034,24.338680801391604,16.878578154989466,19.754487195729975,36.30315295199758,23.472341771026333,776,18122,1.7405389300206118,5
seed33_hist1p0,33,1.0,12000,24000,PROJECT_ROOT/runs/phase35_subset_repeat_uncertainty/repeat_runs/seed33_hist1p0,case05,Parapharyngeal / prestyloid deep-space bulky mass,parapharyngeal_deep_space,bystander_with_sink,"Bystander, anatomical vascular sink",15.779512023925781,1.3887010010339311,19.056519663473466,15.631967569101388,38.23408599853516,36.6491584777832,22.469392899792602,18.199416637420654,16.734323178282462,39.01308822631836,9.488634193304813,12.083707088353094,23.742604103088393,16.23304560832144,19.056519663473466,31.06943653047699,22.37302090755665,776,18122,2.553008925441104,5
seed33_hist1p0,33,1.0,12000,24000,PROJECT_ROOT/runs/phase35_subset_repeat_uncertainty/repeat_runs/seed33_hist1p0,case06,Buccal mucosa / cheek infiltrative crescent,cheek_superficial,physical_only,Physical-only,3.499999833106995,1.7061907148943334,7.543073716337961,6.422456015930188,5.403743743896482,6.732566375732423,5.246605821811792,3.659237813949585,10.82258131039032,20.705089569091797,0.2381690007380464,5.015193713692018,13.890360832214348,4.3800665012154365,7.543073716337961,13.861065228780111,8.123983507692776,237,16899,2.5171700373222183,5
seed33_hist1p0,33,1.0,12000,24000,PROJECT_ROOT/runs/phase35_subset_repeat_uncertainty/repeat_runs/seed33_hist1p0,case06,Buccal mucosa / cheek infiltrative crescent,cheek_superficial,bystander_no_sink,"Bystander, no vascular sink",17.412876319885253,1.3154138053590771,21.440702790648515,17.844183753084778,17.111730804443358,18.391603775024414,21.496961381700302,19.382402801513674,21.369519948221214,39.41007995605469,3.17851616204387,14.546693075710714,24.34576873779297,13.654870558445753,21.440702790648515,33.74117097170544,25.65061339195455,237,16899,1.3653971309121795,4
seed33_hist1p0,33,1.0,12000,24000,PROJECT_ROOT/runs/phase35_subset_repeat_uncertainty/repeat_runs/seed33_hist1p0,case06,Buccal mucosa / cheek infiltrative crescent,cheek_superficial,bystander_with_sink,"Bystander, anatomical vascular sink",16.297881889343262,1.3377487323565418,20.848370720144185,17.39160282399733,16.96943649291992,18.05999809265137,20.782114882421013,18.45281867980957,21.31500264956117,39.4096565246582,2.9853436619344382,14.210158305379144,24.197338485717772,13.058664326887856,20.848370720144185,33.74116656146472,25.222349866874627,237,16899,1.3146989301009655,4
seed33_hist1p0,33,1.0,12000,24000,PROJECT_ROOT/runs/phase35_subset_repeat_uncertainty/repeat_runs/seed33_hist1p0,case07,Oral tongue / floor-of-mouth horseshoe,oral_tongue_floor_mouth,physical_only,Physical-only,3.5000000953674317,2.1613267665900513,6.415503504528602,5.824338141293821,9.003155403137207,8.335540504455567,3.8203198885676835,3.6924392938613892,7.974017617503187,21.14145851135254,5.449974843227502,4.396317056972474,12.118023223876953,5.312555811819674,6.415503504528602,13.689966307953,6.334056709782856,512,16591,-4.516061000920657,1
seed33_hist1p0,33,1.0,12000,24000,PROJECT_ROOT/runs/phase35_subset_repeat_uncertainty/repeat_runs/seed33_hist1p0,case07,Oral tongue / floor-of-mouth horseshoe,oral_tongue_floor_mouth,bystander_no_sink,"Bystander, no vascular sink",17.022136306762697,1.6078008464248654,20.013953055616337,17.043282790755956,20.333578796386718,19.95309379577637,15.15326377695257,19.522709941864015,20.194976523195628,42.90214538574219,16.862945859119147,14.372392331579647,22.890210037231448,16.361144162160333,20.013953055616337,37.18677378445864,23.128967662349357,512,16591,-3.4524799321795814,2
seed33_hist1p0,33,1.0,12000,24000,PROJECT_ROOT/runs/phase35_subset_repeat_uncertainty/repeat_runs/seed33_hist1p0,case07,Oral tongue / floor-of-mouth horseshoe,oral_tongue_floor_mouth,bystander_with_sink,"Bystander, anatomical vascular sink",15.509829330444337,1.6447192193444216,19.28718783307964,16.3113551645209,20.235632019042967,19.748153228759765,14.617376993160056,18.42387990951538,20.117699478432858,42.896568298339844,16.384247427275685,13.861173928431104,22.842713584899908,15.542390753006535,19.28718783307964,37.1782404743135,22.60461240863507,512,16591,-3.313489376345807,2
seed33_hist2p0,33,2.0,24000,48000,PROJECT_ROOT/runs/phase35_subset_repeat_uncertainty/repeat_runs/seed33_hist2p0,case02,Left maxillary sinus crescent abutting orbit,sinonasal_midface,physical_only,Physical-only,3.4999998092651365,1.9666375177702282,6.762999592180037,5.701039283329669,4.343559856414795,6.435027904510505,0.28354726438269473,3.8526040077209474,9.373020203859076,25.09935760498047,6.75257276380905,3.540715346470758,14.442793846130368,4.455695861899999,6.762999592180037,13.854977756681896,7.045008361475102,525,18031,0.6877082742880227,4
seed33_hist2p0,33,2.0,24000,48000,PROJECT_ROOT/runs/phase35_subset_repeat_uncertainty/repeat_runs/seed33_hist2p0,case02,Left maxillary sinus crescent abutting orbit,sinonasal_midface,bystander_no_sink,"Bystander, no vascular sink",16.737068939208985,1.6522619288332914,20.093314721453996,16.765819368572565,15.539184875488282,22.8725318145752,3.685600192137439,19.624007415771484,20.53462317558265,40.8929328918457,16.966355493333605,12.018791338363531,24.21111717224121,13.322596082354817,20.093314721453996,38.040777842203774,23.023454803600927,525,18031,-3.492161646249699,1
seed33_hist2p0,33,2.0,24000,48000,PROJECT_ROOT/runs/phase35_subset_repeat_uncertainty/repeat_runs/seed33_hist2p0,case02,Left maxillary sinus crescent abutting orbit,sinonasal_midface,bystander_with_sink,"Bystander, anatomical vascular sink",15.812744569778442,1.6735901651973664,19.789698317917214,16.526877930871,15.470749206542969,22.67543090820313,3.4785477992260097,18.774665451049806,20.475238690804403,40.87867736816406,16.51913843636561,11.799246338015612,24.19477958679198,12.693933785456881,19.789698317917214,38.02595636276972,22.721187751653236,525,18031,-2.7379043393097335,2
seed33_hist2p0,33,2.0,24000,48000,PROJECT_ROOT/runs/phase35_subset_repeat_uncertainty/repeat_runs/seed33_hist2p0,case03,Base-of-tongue / oropharynx bilobed central mass,oropharynx_bot,physical_only,Physical-only,3.4999998807907104,1.828968982722316,6.847847925450456,5.4062011327737105,18.475677185058593,19.03354690551758,4.421534538269043,4.098204159736634,5.80876845176744,20.87097930908203,6.965896231718737,3.8805519809830282,14.71978017807007,7.099043302932374,6.847847925450456,14.07555726497501,7.695897195601615,793,18035,7.451206327671967,6
seed33_hist2p0,33,2.0,24000,48000,PROJECT_ROOT/runs/phase35_subset_repeat_uncertainty/repeat_runs/seed33_hist2p0,case03,Base-of-tongue / oropharynx bilobed central mass,oropharynx_bot,bystander_no_sink,"Bystander, no vascular sink",16.78180503845215,1.567440498445826,20.362162616889076,16.38424159597515,40.531073760986324,39.14961471557617,17.191479733014347,19.99885196685791,17.88977316068053,41.885536193847656,19.38309633659594,12.632592755152269,24.606099166870116,18.393163118914934,20.362162616889076,37.96209657868702,24.219162779274757,793,18035,3.710950146039135,6
seed33_hist2p0,33,2.0,24000,48000,PROJECT_ROOT/runs/phase35_subset_repeat_uncertainty/repeat_runs/seed33_hist2p0,case03,Base-of-tongue / oropharynx bilobed central mass,oropharynx_bot,bystander_with_sink,"Bystander, anatomical vascular sink",15.248145341873169,1.380583176032533,19.526137238906355,15.984929924139758,40.344477233886714,38.636809539794925,16.103152317470975,16.8416690826416,17.79252906480441,40.85708999633789,18.353150512232926,12.428361195659084,23.930426750183106,17.831637974715708,19.526137238906355,31.49279800549732,22.811228292669853,793,18035,5.151878655703696,6
seed33_hist2p0,33,2.0,24000,48000,PROJECT_ROOT/runs/phase35_subset_repeat_uncertainty/repeat_runs/seed33_hist2p0,case04,Laryngo-hypopharyngeal elongated cylinder,laryngohypopharynx,physical_only,Physical-only,3.5000000476837156,2.047696501643765,5.743370217056569,3.6694844208969757,10.689038352966309,22.621445617675782,2.8760197659935614,4.4309934139251705,5.453666669665475,23.277511596679688,2.804440341212533,2.1110732634098355,12.524073829650877,4.545601573702143,5.735964087013754,13.79005767032504,6.734424588436436,256,13699,-1.3632504737046434,3
seed33_hist2p0,33,2.0,24000,48000,PROJECT_ROOT/runs/phase35_subset_repeat_uncertainty/repeat_runs/seed33_hist2p0,case04,Laryngo-hypopharyngeal elongated cylinder,laryngohypopharynx,bystander_no_sink,"Bystander, no vascular sink",16.504054641723634,1.4504905519850995,19.98396035030732,14.002770045107189,34.257347106933594,30.422920989990235,12.553477715964268,20.98291645050049,20.291059315389155,40.16897201538086,12.181600262420346,8.522807471690404,23.67929084777832,15.138117433703773,19.975041368483648,35.187181442976,24.258814643652684,256,13699,0.7611101801499154,4
seed33_hist2p0,33,2.0,24000,48000,PROJECT_ROOT/runs/phase35_subset_repeat_uncertainty/repeat_runs/seed33_hist2p0,case04,Laryngo-hypopharyngeal elongated cylinder,laryngohypopharynx,bystander_with_sink,"Bystander, anatomical vascular sink",11.538108825683594,1.6752455954231846,17.987660217313472,13.36624991644155,34.03117462158203,30.351481323242187,11.660497715497257,11.815532207489014,20.03430771015746,39.972782135009766,11.293964321444733,8.278346024211283,23.45419166564941,14.45186491260295,17.976160515146834,34.963625997304916,20.870746410452576,256,13699,-1.853548759998303,3
seed33_hist2p0,33,2.0,24000,48000,PROJECT_ROOT/runs/phase35_subset_repeat_uncertainty/repeat_runs/seed33_hist2p0,case05,Parapharyngeal / prestyloid deep-space bulky mass,parapharyngeal_deep_space,physical_only,Physical-only,3.499999737739563,2.2532389316593315,5.5339272109691,4.572369178053005,14.142470855712888,11.955875244140625,5.8097923953123765,3.867816746234894,5.3141353414523715,19.522932052612305,1.3825355610462151,3.267376056970763,12.64795042037964,5.286148663689672,5.5339272109691,13.782545411709657,6.116770493380348,776,18122,1.4434915417328027,5
seed33_hist2p0,33,2.0,24000,48000,PROJECT_ROOT/runs/phase35_subset_repeat_uncertainty/repeat_runs/seed33_hist2p0,case05,Parapharyngeal / prestyloid deep-space bulky mass,parapharyngeal_deep_space,bystander_no_sink,"Bystander, no vascular sink",16.360096740722657,1.5833332936566251,19.15608876957882,15.645068734753087,37.964706878662106,37.509357910156254,22.343670259340843,19.108009815216064,17.13411335605586,42.805572509765625,9.111499932799676,11.880413266173404,23.145333061218263,16.34283637750488,19.15608876957882,36.2626384877667,22.90271961882393,776,18122,2.719982446673249,5
seed33_hist2p0,33,2.0,24000,48000,PROJECT_ROOT/runs/phase35_subset_repeat_uncertainty/repeat_runs/seed33_hist2p0,case05,Parapharyngeal / prestyloid deep-space bulky mass,parapharyngeal_deep_space,bystander_with_sink,"Bystander, anatomical vascular sink",15.148107051849365,1.421553360812993,18.459509707755036,15.271375282938227,37.76780517578125,37.29950164794922,21.009262653312298,17.668684482574463,17.04704696401354,38.24464797973633,8.506851137527311,11.698644253957646,22.579413261413574,15.701653713406955,18.459509707755036,30.989478932213537,21.799729638351746,776,18122,2.943744576273823,5
seed33_hist2p0,33,2.0,24000,48000,PROJECT_ROOT/runs/phase35_subset_repeat_uncertainty/repeat_runs/seed33_hist2p0,case06,Buccal mucosa / cheek infiltrative crescent,cheek_superficial,physical_only,Physical-only,3.500000166893005,2.304440016286849,5.489630924176632,4.745723335991129,3.5838575553894043,4.894219989776614,4.2041151253864015,3.742677640914917,6.367461092700899,16.518156051635742,0.1404595628211444,3.6489910147177484,8.983604812622064,2.9239641579109326,5.489630924176632,13.76974543237485,5.975310849948736,237,16899,-5.4838630816767,1
seed33_hist2p0,33,2.0,24000,48000,PROJECT_ROOT/runs/phase35_subset_repeat_uncertainty/repeat_runs/seed33_hist2p0,case06,Buccal mucosa / cheek infiltrative crescent,cheek_superficial,bystander_no_sink,"Bystander, no vascular sink",16.82112522125244,1.399677083396301,19.761396158647866,16.2134060692447,14.979894485473631,16.546494827270507,20.166970913819593,19.135848617553712,17.826871372966945,38.54764938354492,2.2047730609624074,13.012842261450961,21.380654907226546,12.057438893960072,19.761396158647866,33.664090772218344,24.051326674959054,237,16899,-0.6866434958882649,3
seed33_hist2p0,33,2.0,24000,48000,PROJECT_ROOT/runs/phase35_subset_repeat_uncertainty/repeat_runs/seed33_hist2p0,case06,Buccal mucosa / cheek infiltrative crescent,cheek_superficial,bystander_with_sink,"Bystander, anatomical vascular sink",15.33728313446045,1.4246060758317436,19.175167124589688,15.76900601924877,14.858139419555664,16.11042304992676,19.506930723093976,18.03898391723633,17.767327702820484,38.547645568847656,2.054172793060842,12.694749348404322,21.32278518676757,11.481258100803222,19.175167124589688,33.664087207005494,23.630453202546548,237,16899,-0.2733082495871437,4
seed33_hist2p0,33,2.0,24000,48000,PROJECT_ROOT/runs/phase35_subset_repeat_uncertainty/repeat_runs/seed33_hist2p0,case07,Oral tongue / floor-of-mouth horseshoe,oral_tongue_floor_mouth,physical_only,Physical-only,3.4999998807907104,2.2743833748413795,5.764890398100821,5.034823985670316,5.2738484954833975,4.967788848876953,3.0982725509489426,3.818038272857666,6.973842221886012,20.20774269104004,3.5795341026903404,3.8922444982917255,13.430491027832037,4.3379875324069666,5.764890398100821,13.807905549183488,6.071054555675549,512,16591,-2.7352925913782236,2
seed33_hist2p0,33,2.0,24000,48000,PROJECT_ROOT/runs/phase35_subset_repeat_uncertainty/repeat_runs/seed33_hist2p0,case07,Oral tongue / floor-of-mouth horseshoe,oral_tongue_floor_mouth,bystander_no_sink,"Bystander, no vascular sink",16.530818939208984,1.6269544533744311,19.40129817429257,16.188591990032066,17.615412292480467,17.278645629882813,14.185086766637937,19.18862066268921,19.479529794155628,41.66267776489258,14.77762996403858,13.75382926727674,23.41458408355714,15.354723667318478,19.40129817429257,37.23047373816371,22.883537803375372,512,16591,-3.0132376307243702,2
seed33_hist2p0,33,2.0,24000,48000,PROJECT_ROOT/runs/phase35_subset_repeat_uncertainty/repeat_runs/seed33_hist2p0,case07,Oral tongue / floor-of-mouth horseshoe,oral_tongue_floor_mouth,bystander_with_sink,"Bystander, anatomical vascular sink",14.472427940368652,1.663952070509559,18.68461803514419,15.466302035772578,17.49026741027832,17.137599563598634,13.665437641529122,18.084833240509035,19.403694017014637,41.66017532348633,14.297115150605789,13.251225773972989,23.40872955322266,14.546282037874958,18.68461803514419,37.22265427187085,22.370027918215218,512,16591,-3.230861883082315,1
