plan_id,case_label,site_group,model_id,model_label,mean_gammah2ax_peak,mean_gammah2ax_valley,mean_tunel_peak,mean_tunel_valley,mean_cytokine_final_peak,mean_cytokine_final_valley,cytokine_global_auc,cytokine_peak_roi_auc,cytokine_valley_roi_auc,immune_scalar,icd_volume_cm3
case01,Right sinonasal / maxillary bulky ellipsoid,sinonasal_midface,physical_only,Physical-only,0.6238512396812439,0.3325668275356293,0.6238512396812439,0.3325668275356293,0.0,0.0,0.0,0.0,0.0,0.9410877556791404,79.872
case01,Right sinonasal / maxillary bulky ellipsoid,sinonasal_midface,no_sink,"Bystander, no vascular sink",0.6751646995544434,0.5446820855140686,0.9924221038818359,0.8712941408157349,125.87166595458984,52.53251266479492,90.45977783203125,3373.658447265625,1282.9296875,0.9410877556791404,79.872
case01,Right sinonasal / maxillary bulky ellipsoid,sinonasal_midface,true_vessel_sink,"Bystander, anatomical vascular sink",0.6751656532287598,0.5442502498626709,0.9924176931381226,0.8644087314605713,125.81494903564453,51.4125862121582,87.56173706054688,3373.163818359375,1262.3704833984375,0.9410877556791404,79.872
case02,Left maxillary sinus crescent abutting orbit,sinonasal_midface,physical_only,Physical-only,0.6222640872001648,0.3247654139995575,0.6222640872001648,0.3247654139995575,0.0,0.0,0.0,0.0,0.0,0.9572678791193765,112.008
case02,Left maxillary sinus crescent abutting orbit,sinonasal_midface,no_sink,"Bystander, no vascular sink",0.6587980389595032,0.529224693775177,0.9953557252883911,0.8799649477005005,141.53184509277344,57.3692512512207,123.79008483886719,3746.7548828125,1409.832275390625,0.9572678791193765,112.008
case02,Left maxillary sinus crescent abutting orbit,sinonasal_midface,true_vessel_sink,"Bystander, anatomical vascular sink",0.658805251121521,0.5287089943885803,0.9953405261039734,0.8712612986564636,141.200439453125,55.47654342651367,119.22822570800781,3743.346923828125,1373.219482421875,0.9572678791193765,112.008
case03,Base-of-tongue / oropharynx bilobed central mass,oropharynx_bot,physical_only,Physical-only,0.6408873200416565,0.3750283718109131,0.6408873200416565,0.3750283718109131,0.0,0.0,0.0,0.0,0.0,0.9702324252238521,162.968
case03,Base-of-tongue / oropharynx bilobed central mass,oropharynx_bot,no_sink,"Bystander, no vascular sink",0.676517903804779,0.5585822463035583,0.9952397346496582,0.8981489539146423,139.2731170654297,64.31080627441406,150.22689819335938,3705.947021484375,1577.042236328125,0.9702324252238521,162.968
case03,Base-of-tongue / oropharynx bilobed central mass,oropharynx_bot,true_vessel_sink,"Bystander, anatomical vascular sink",0.675227701663971,0.5586006045341492,0.959165096282959,0.8771268725395203,86.75362396240234,53.33783721923828,135.9909210205078,2492.42529296875,1364.216552734375,0.9702324252238521,162.968
case04,Laryngo-hypopharyngeal elongated cylinder,laryngohypopharynx,physical_only,Physical-only,0.6241697072982788,0.30650126934051514,0.6241697072982788,0.30650126934051514,0.0,0.0,0.0,0.0,0.0,0.9163095875736476,54.744
case04,Laryngo-hypopharyngeal elongated cylinder,laryngohypopharynx,no_sink,"Bystander, no vascular sink",0.6960822939872742,0.5070746541023254,0.9879242181777954,0.8887574672698975,116.21894836425781,66.17691040039062,94.45124053955078,3091.62158203125,1677.37890625,0.9163095875736476,54.744
case04,Laryngo-hypopharyngeal elongated cylinder,laryngohypopharynx,true_vessel_sink,"Bystander, anatomical vascular sink",0.6961954832077026,0.5035285949707031,0.9874587059020996,0.805605411529541,112.63418579101562,45.75228500366211,82.31208801269531,3046.149658203125,1238.65966796875,0.9163095875736476,54.744
case05,Parapharyngeal / prestyloid deep-space bulky mass,parapharyngeal_deep_space,physical_only,Physical-only,0.6072246432304382,0.2934485077857971,0.6072246432304382,0.2934485077857971,0.0,0.0,0.0,0.0,0.0,0.9456474476041395,86.992
case05,Parapharyngeal / prestyloid deep-space bulky mass,parapharyngeal_deep_space,no_sink,"Bystander, no vascular sink",0.6637775897979736,0.5006149411201477,0.99042809009552,0.8790237307548523,126.4573745727539,61.1202392578125,139.32728576660156,3318.481689453125,1506.601806640625,0.9456474476041395,86.992
case05,Parapharyngeal / prestyloid deep-space bulky mass,parapharyngeal_deep_space,true_vessel_sink,"Bystander, anatomical vascular sink",0.6623852849006653,0.5006422400474548,0.9590103030204773,0.8587533831596375,82.56805419921875,52.76813507080078,126.99065399169922,2339.637451171875,1347.9599609375,0.9456474476041395,86.992
case06,Buccal mucosa / cheek infiltrative crescent,cheek_superficial,physical_only,Physical-only,0.6245397925376892,0.3553992211818695,0.6245397925376892,0.3553992211818695,0.0,0.0,0.0,0.0,0.0,0.9552035550458715,106.616
case06,Buccal mucosa / cheek infiltrative crescent,cheek_superficial,no_sink,"Bystander, no vascular sink",0.6990072131156921,0.5309968590736389,0.9851462841033936,0.9105151891708374,106.02715301513672,70.2452392578125,133.0121307373047,2758.84130859375,1771.2127685546875,0.9552035550458715,106.616
case06,Buccal mucosa / cheek infiltrative crescent,cheek_superficial,true_vessel_sink,"Bystander, anatomical vascular sink",0.6992178559303284,0.5307884812355042,0.9851462841033936,0.9008257985115051,106.02694702148438,67.43138122558594,128.13238525390625,2758.840576171875,1714.9835205078125,0.9552035550458715,106.616
case07,Oral tongue / floor-of-mouth horseshoe,oral_tongue_floor_mouth,physical_only,Physical-only,0.6059675216674805,0.2685689926147461,0.6059675216674805,0.2685689926147461,0.0,0.0,0.0,0.0,0.0,0.9351188622443684,72.06400000000001
case07,Oral tongue / floor-of-mouth horseshoe,oral_tongue_floor_mouth,no_sink,"Bystander, no vascular sink",0.6475858688354492,0.4795982539653778,0.9937383532524109,0.8788699507713318,131.7120819091797,60.09040451049805,141.69711303710938,3542.796875,1481.8489990234375,0.9351188622443684,72.06400000000001
case07,Oral tongue / floor-of-mouth horseshoe,oral_tongue_floor_mouth,true_vessel_sink,"Bystander, anatomical vascular sink",0.6476077437400818,0.4786982536315918,0.9937237501144409,0.8638595342636108,131.52212524414062,56.82988739013672,135.66064453125,3540.98828125,1419.5419921875,0.9351188622443684,72.06400000000001
case08,Bulky nodal conglomerate level II-IV with central necrosis,nodal_neck,physical_only,Physical-only,0.62791907787323,0.376740962266922,0.62791907787323,0.376740962266922,0.0,0.0,0.0,0.0,0.0,0.9653124653124653,139.144
case08,Bulky nodal conglomerate level II-IV with central necrosis,nodal_neck,no_sink,"Bystander, no vascular sink",0.6813428997993469,0.5524612069129944,0.9916918873786926,0.9041734933853149,128.33206176757812,67.5671615600586,173.43435668945312,3361.432373046875,1680.7015380859375,0.9653124653124653,139.144
case08,Bulky nodal conglomerate level II-IV with central necrosis,nodal_neck,true_vessel_sink,"Bystander, anatomical vascular sink",0.6799842715263367,0.551954448223114,0.9541188478469849,0.8858665823936462,78.56181335449219,58.05415344238281,158.7623291015625,2240.32177734375,1496.5955810546875,0.9653124653124653,139.144
case09,Deep parotid / infratemporal fossa bulky mass,deep_parotid_infratemporal,physical_only,Physical-only,0.6515526175498962,0.34481725096702576,0.6515526175498962,0.34481725096702576,0.0,0.0,0.0,0.0,0.0,0.9667888835751103,145.552
case09,Deep parotid / infratemporal fossa bulky mass,deep_parotid_infratemporal,no_sink,"Bystander, no vascular sink",0.7262247800827026,0.5243804454803467,0.9840500950813293,0.9049504399299622,114.11104583740234,72.87409210205078,159.05923461914062,2874.665771484375,1816.754150390625,0.9667888835751103,145.552
case09,Deep parotid / infratemporal fossa bulky mass,deep_parotid_infratemporal,true_vessel_sink,"Bystander, anatomical vascular sink",0.7251365184783936,0.5247550010681152,0.9586336612701416,0.8956592082977295,81.73334503173828,66.37479400634766,148.8852081298828,2168.737060546875,1688.286865234375,0.9667888835751103,145.552
case10,Composite oropharynx + upper-neck very bulky tumour,composite_oropharynx_upper_neck,physical_only,Physical-only,0.6341351866722107,0.3717471659183502,0.6341351866722107,0.3717471659183502,0.0,0.0,0.0,0.0,0.0,0.9783257039811347,225.68800000000002
case10,Composite oropharynx + upper-neck very bulky tumour,composite_oropharynx_upper_neck,no_sink,"Bystander, no vascular sink",0.6921378970146179,0.5350176095962524,0.9919456839561462,0.9222092032432556,125.260498046875,80.87811279296875,254.38449096679688,3235.307861328125,2001.569580078125,0.9783257039811347,225.68800000000002
case10,Composite oropharynx + upper-neck very bulky tumour,composite_oropharynx_upper_neck,true_vessel_sink,"Bystander, anatomical vascular sink",0.6907650232315063,0.5345745086669922,0.9606834650039673,0.9061189293861389,88.87693786621094,69.18602752685547,231.6350555419922,2440.19775390625,1769.117431640625,0.9783257039811347,225.68800000000002
case01,Right sinonasal / maxillary bulky ellipsoid,sinonasal_midface,ap_flip_sink,"Bystander, anterior-posterior flipped vessel sink",0.6752670407295227,0.5451446175575256,0.9883439540863037,0.8547676205635071,108.06954956054688,46.23161697387695,84.00311279296875,3039.517822265625,1162.0675048828125,0.9410877556791404,79.872
case01,Right sinonasal / maxillary bulky ellipsoid,sinonasal_midface,si_flip_sink,"Bystander, superior-inferior flipped vessel sink",0.6751654148101807,0.5441004633903503,0.9924166798591614,0.8626938462257385,125.80305480957031,51.13653564453125,87.91143798828125,3373.063232421875,1257.34765625,0.9410877556791404,79.872
case01,Right sinonasal / maxillary bulky ellipsoid,sinonasal_midface,local_dropout_sink_20mm,"Bystander, local vessel dropout within 20 mm of GTV",0.6751658320426941,0.5446863770484924,0.9924221038818359,0.8712832927703857,125.8715591430664,52.526512145996094,88.5549545288086,3373.658203125,1282.8756103515625,0.9410877556791404,79.872
case01,Right sinonasal / maxillary bulky ellipsoid,sinonasal_midface,randomized_displacement_sink,"Bystander, randomized anatomy-constrained vessel displacement",0.6752710938453674,0.5443822145462036,0.9922789335250854,0.8606386780738831,125.00669860839844,50.62791442871094,87.17593383789062,3362.091796875,1246.1392822265625,0.9410877556791404,79.872
case01,Right sinonasal / maxillary bulky ellipsoid,sinonasal_midface,uniform_body_sink_mass_matched,"Bystander, uniform body sink (mass matched)",0.675119936466217,0.5446866750717163,0.9860942959785461,0.8372716903686523,95.79053497314453,38.81895065307617,74.62885284423828,2808.669677734375,1046.04736328125,0.9410877556791404,79.872
case01,Right sinonasal / maxillary bulky ellipsoid,sinonasal_midface,blurred_vessel_sink_sigma10mm,"Bystander, blurred vessel sink (10 mm sigma)",0.6751790046691895,0.5443540215492249,0.991197943687439,0.8482229113578796,118.02693176269531,46.185237884521484,80.78668975830078,3238.84814453125,1168.10888671875,0.9410877556791404,79.872
case01,Right sinonasal / maxillary bulky ellipsoid,sinonasal_midface,peri_gtv_shell_sink_5_20mm,"Bystander, peri-GTV shell sink (5-20 mm)",0.67550128698349,0.5455578565597534,0.992364764213562,0.8514459729194641,125.34282684326172,46.32770919799805,76.07454681396484,3368.90966796875,1183.20458984375,0.9410877556791404,79.872
case01,Right sinonasal / maxillary bulky ellipsoid,sinonasal_midface,distance_decay_sink_lambda15mm,"Bystander, distance-decay sink (lambda 15 mm)",0.6754681468009949,0.5443021655082703,0.9921783804893494,0.8188859224319458,123.95929718017578,38.71279525756836,73.73186492919922,3353.256103515625,1031.50537109375,0.9410877556791404,79.872
case02,Left maxillary sinus crescent abutting orbit,sinonasal_midface,ap_flip_sink,"Bystander, anterior-posterior flipped vessel sink",0.6583496332168579,0.5302514433860779,0.9638511538505554,0.8727588653564453,92.58340454101562,52.53547286987305,114.1635971069336,2625.230712890625,1323.1298828125,0.9572678791193765,112.008
case02,Left maxillary sinus crescent abutting orbit,sinonasal_midface,si_flip_sink,"Bystander, superior-inferior flipped vessel sink",0.6588021516799927,0.5283864140510559,0.9953368902206421,0.8680103421211243,141.1361083984375,54.944576263427734,119.519775390625,3742.71826171875,1362.5858154296875,0.9572678791193765,112.008
case02,Left maxillary sinus crescent abutting orbit,sinonasal_midface,local_dropout_sink_20mm,"Bystander, local vessel dropout within 20 mm of GTV",0.6588035821914673,0.5292516350746155,0.9953557252883911,0.879956066608429,141.53175354003906,57.36217498779297,121.22047424316406,3746.75439453125,1409.767578125,0.9572678791193765,112.008
case02,Left maxillary sinus crescent abutting orbit,sinonasal_midface,randomized_displacement_sink,"Bystander, randomized anatomy-constrained vessel displacement",0.6588011980056763,0.5291641354560852,0.9953554272651672,0.8787463903427124,141.52212524414062,57.075496673583984,121.44313049316406,3746.68359375,1404.954833984375,0.9572678791193765,112.008
case02,Left maxillary sinus crescent abutting orbit,sinonasal_midface,uniform_body_sink_mass_matched,"Bystander, uniform body sink (mass matched)",0.6587536334991455,0.5292333960533142,0.9904801249504089,0.8472034335136414,107.20010375976562,42.4727668762207,102.07704162597656,3110.42626953125,1151.5540771484375,0.9572678791193765,112.008
case02,Left maxillary sinus crescent abutting orbit,sinonasal_midface,blurred_vessel_sink_sigma10mm,"Bystander, blurred vessel sink (10 mm sigma)",0.658852219581604,0.5293601751327515,0.993528425693512,0.8607679605484009,124.23799133300781,49.9603271484375,108.7325668334961,3435.8095703125,1275.07958984375,0.9572678791193765,112.008
case02,Left maxillary sinus crescent abutting orbit,sinonasal_midface,peri_gtv_shell_sink_5_20mm,"Bystander, peri-GTV shell sink (5-20 mm)",0.6589943766593933,0.5299428701400757,0.9953327178955078,0.8669492602348328,141.21298217773438,52.706031799316406,106.85346984863281,3743.91064453125,1336.8787841796875,0.9572678791193765,112.008
case02,Left maxillary sinus crescent abutting orbit,sinonasal_midface,distance_decay_sink_lambda15mm,"Bystander, distance-decay sink (lambda 15 mm)",0.6589953303337097,0.5290819406509399,0.9952138066291809,0.8393396139144897,139.70314025878906,45.026885986328125,103.60799407958984,3726.990966796875,1192.2613525390625,0.9572678791193765,112.008
case03,Base-of-tongue / oropharynx bilobed central mass,oropharynx_bot,ap_flip_sink,"Bystander, anterior-posterior flipped vessel sink",0.6764872670173645,0.5567271709442139,0.9947729110717773,0.8644853830337524,134.45028686523438,55.568084716796875,141.10655212402344,3630.21337890625,1401.6536865234375,0.9702324252238521,162.968
case03,Base-of-tongue / oropharynx bilobed central mass,oropharynx_bot,si_flip_sink,"Bystander, superior-inferior flipped vessel sink",0.6750866770744324,0.559131383895874,0.9568542242050171,0.8880491852760315,87.0217514038086,58.680301666259766,138.71255493164062,2481.59912109375,1476.747314453125,0.9702324252238521,162.968
case03,Base-of-tongue / oropharynx bilobed central mass,oropharynx_bot,local_dropout_sink_20mm,"Bystander, local vessel dropout within 20 mm of GTV",0.6765938997268677,0.5589281320571899,0.9952397346496582,0.8981418013572693,139.27305603027344,64.30142211914062,148.37994384765625,3705.94677734375,1576.95458984375,0.9702324252238521,162.968
case03,Base-of-tongue / oropharynx bilobed central mass,oropharynx_bot,randomized_displacement_sink,"Bystander, randomized anatomy-constrained vessel displacement",0.6761863827705383,0.5579533576965332,0.9891791343688965,0.8790680170059204,117.75013732910156,57.39419174194336,140.2702178955078,3286.0546875,1442.46875,0.9702324252238521,162.968
case03,Base-of-tongue / oropharynx bilobed central mass,oropharynx_bot,uniform_body_sink_mass_matched,"Bystander, uniform body sink (mass matched)",0.6764808297157288,0.5585978031158447,0.9904800653457642,0.8684775829315186,105.77465057373047,47.63838195800781,123.93690490722656,3080.8291015625,1288.176513671875,0.9702324252238521,162.968
case03,Base-of-tongue / oropharynx bilobed central mass,oropharynx_bot,blurred_vessel_sink_sigma10mm,"Bystander, blurred vessel sink (10 mm sigma)",0.6760449409484863,0.5589043498039246,0.9606032967567444,0.8376333117485046,58.48225021362305,34.3662109375,114.38115692138672,1977.150634765625,1006.5628051757812,0.9702324252238521,162.968
case03,Base-of-tongue / oropharynx bilobed central mass,oropharynx_bot,peri_gtv_shell_sink_5_20mm,"Bystander, peri-GTV shell sink (5-20 mm)",0.6767202615737915,0.5592824816703796,0.9952204823493958,0.8864257335662842,138.98411560058594,59.801883697509766,133.17092895507812,3703.361572265625,1506.8118896484375,0.9702324252238521,162.968
case03,Base-of-tongue / oropharynx bilobed central mass,oropharynx_bot,distance_decay_sink_lambda15mm,"Bystander, distance-decay sink (lambda 15 mm)",0.6767280101776123,0.558560311794281,0.9951404333114624,0.8633940815925598,137.8524932861328,52.46038818359375,128.97271728515625,3690.896484375,1369.89306640625,0.9702324252238521,162.968
case04,Laryngo-hypopharyngeal elongated cylinder,laryngohypopharynx,ap_flip_sink,"Bystander, anterior-posterior flipped vessel sink",0.6960886716842651,0.5069118738174438,0.9878427386283875,0.8847189545631409,115.85287475585938,64.79365539550781,90.81382751464844,3087.876953125,1655.9442138671875,0.9163095875736476,54.744
case04,Laryngo-hypopharyngeal elongated cylinder,laryngohypopharynx,si_flip_sink,"Bystander, superior-inferior flipped vessel sink",0.6964325308799744,0.5073046088218689,0.9879242181777954,0.8761128187179565,116.21826171875,62.62922286987305,88.20381927490234,3091.617919921875,1605.6661376953125,0.9163095875736476,54.744
case04,Laryngo-hypopharyngeal elongated cylinder,laryngohypopharynx,local_dropout_sink_20mm,"Bystander, local vessel dropout within 20 mm of GTV",0.6962106227874756,0.5074201226234436,0.9879242181777954,0.8887366652488708,116.21894836425781,66.16507720947266,93.6630859375,3091.62158203125,1677.26318359375,0.9163095875736476,54.744
case04,Laryngo-hypopharyngeal elongated cylinder,laryngohypopharynx,randomized_displacement_sink,"Bystander, randomized anatomy-constrained vessel displacement",0.6960964202880859,0.5051625967025757,0.987891674041748,0.867963969707489,115.76043701171875,61.187660217285156,89.8591079711914,3086.862060546875,1585.1163330078125,0.9163095875736476,54.744
case04,Laryngo-hypopharyngeal elongated cylinder,laryngohypopharynx,uniform_body_sink_mass_matched,"Bystander, uniform body sink (mass matched)",0.6960572600364685,0.5070682764053345,0.9796442985534668,0.8565360903739929,88.15852355957031,49.39918899536133,77.64439392089844,2567.5537109375,1377.093994140625,0.9163095875736476,54.744
case04,Laryngo-hypopharyngeal elongated cylinder,laryngohypopharynx,blurred_vessel_sink_sigma10mm,"Bystander, blurred vessel sink (10 mm sigma)",0.6959346532821655,0.5047352313995361,0.9719318747520447,0.7611678242683411,69.82249450683594,27.093433380126953,66.72821807861328,2199.90673828125,881.412353515625,0.9163095875736476,54.744
case04,Laryngo-hypopharyngeal elongated cylinder,laryngohypopharynx,peri_gtv_shell_sink_5_20mm,"Bystander, peri-GTV shell sink (5-20 mm)",0.6962705850601196,0.5072748064994812,0.9870167970657349,0.8713662624359131,113.55935668945312,60.3116569519043,81.83042907714844,3057.91357421875,1584.9163818359375,0.9163095875736476,54.744
case04,Laryngo-hypopharyngeal elongated cylinder,laryngohypopharynx,distance_decay_sink_lambda15mm,"Bystander, distance-decay sink (lambda 15 mm)",0.6962148547172546,0.5063954591751099,0.9838975071907043,0.8369147777557373,107.042724609375,50.89731979370117,77.54717254638672,2955.322998046875,1405.4927978515625,0.9163095875736476,54.744
case05,Parapharyngeal / prestyloid deep-space bulky mass,parapharyngeal_deep_space,ap_flip_sink,"Bystander, anterior-posterior flipped vessel sink",0.6637304425239563,0.49951645731925964,0.9892027378082275,0.8500842452049255,118.54435729980469,53.094322204589844,130.39801025390625,3179.257568359375,1345.796142578125,0.9456474476041395,86.992
case05,Parapharyngeal / prestyloid deep-space bulky mass,parapharyngeal_deep_space,si_flip_sink,"Bystander, superior-inferior flipped vessel sink",0.6620610952377319,0.500933825969696,0.9569478631019592,0.8639269471168518,87.47148895263672,55.05852127075195,128.74415588378906,2445.874267578125,1393.37646484375,0.9456474476041395,86.992
case05,Parapharyngeal / prestyloid deep-space bulky mass,parapharyngeal_deep_space,local_dropout_sink_20mm,"Bystander, local vessel dropout within 20 mm of GTV",0.6639603972434998,0.5012370944023132,0.99042809009552,0.8790138959884644,126.45721435546875,61.11167907714844,137.22830200195312,3318.48095703125,1506.5224609375,0.9456474476041395,86.992
case05,Parapharyngeal / prestyloid deep-space bulky mass,parapharyngeal_deep_space,randomized_displacement_sink,"Bystander, randomized anatomy-constrained vessel displacement",0.6636915802955627,0.49947765469551086,0.9894803166389465,0.8565788269042969,120.4472885131836,54.300262451171875,132.30868530273438,3215.378173828125,1374.162353515625,0.9456474476041395,86.992
case05,Parapharyngeal / prestyloid deep-space bulky mass,parapharyngeal_deep_space,uniform_body_sink_mass_matched,"Bystander, uniform body sink (mass matched)",0.6637487411499023,0.5006272792816162,0.9833192825317383,0.8452850580215454,95.71928405761719,45.379886627197266,114.95526885986328,2752.1494140625,1232.70361328125,0.9456474476041395,86.992
case05,Parapharyngeal / prestyloid deep-space bulky mass,parapharyngeal_deep_space,blurred_vessel_sink_sigma10mm,"Bystander, blurred vessel sink (10 mm sigma)",0.6633121371269226,0.5006104707717896,0.9577243328094482,0.8187284469604492,53.98476791381836,35.598289489746094,107.5895767211914,1800.154052734375,1023.8175048828125,0.9456474476041395,86.992
case05,Parapharyngeal / prestyloid deep-space bulky mass,parapharyngeal_deep_space,peri_gtv_shell_sink_5_20mm,"Bystander, peri-GTV shell sink (5-20 mm)",0.664020836353302,0.5011977553367615,0.9903823733329773,0.865610659122467,126.1263656616211,56.91270446777344,123.35993957519531,3315.451904296875,1440.9208984375,0.9456474476041395,86.992
case05,Parapharyngeal / prestyloid deep-space bulky mass,parapharyngeal_deep_space,distance_decay_sink_lambda15mm,"Bystander, distance-decay sink (lambda 15 mm)",0.6640538573265076,0.5004830956459045,0.9902265667915344,0.8404053449630737,125.07447814941406,50.3025016784668,119.51921844482422,3303.515625,1316.4627685546875,0.9456474476041395,86.992
case06,Buccal mucosa / cheek infiltrative crescent,cheek_superficial,ap_flip_sink,"Bystander, anterior-posterior flipped vessel sink",0.6990697383880615,0.52992844581604,0.9851253032684326,0.8885378837585449,105.80982971191406,60.54073715209961,124.69795989990234,2757.027587890625,1577.013916015625,0.9552035550458715,106.616
case06,Buccal mucosa / cheek infiltrative crescent,cheek_superficial,si_flip_sink,"Bystander, superior-inferior flipped vessel sink",0.699040412902832,0.5306587815284729,0.9851462841033936,0.9048728942871094,106.02702331542969,68.4716796875,128.76779174804688,2758.8408203125,1736.394287109375,0.9552035550458715,106.616
case06,Buccal mucosa / cheek infiltrative crescent,cheek_superficial,local_dropout_sink_20mm,"Bystander, local vessel dropout within 20 mm of GTV",0.6991081237792969,0.5312244892120361,0.9851462841033936,0.9105003476142883,106.02715301513672,70.23573303222656,130.89146423339844,2758.84130859375,1771.126708984375,0.9552035550458715,106.616
case06,Buccal mucosa / cheek infiltrative crescent,cheek_superficial,randomized_displacement_sink,"Bystander, randomized anatomy-constrained vessel displacement",0.6991609334945679,0.5303724408149719,0.9851459264755249,0.8902347087860107,106.02055358886719,64.14305114746094,125.27791595458984,2758.801513671875,1646.307373046875,0.9552035550458715,106.616
case06,Buccal mucosa / cheek infiltrative crescent,cheek_superficial,uniform_body_sink_mass_matched,"Bystander, uniform body sink (mass matched)",0.699015200138092,0.531012773513794,0.9762104749679565,0.8827782273292542,80.62553405761719,52.60606002807617,109.9443588256836,2292.132080078125,1457.5489501953125,0.9552035550458715,106.616
case06,Buccal mucosa / cheek infiltrative crescent,cheek_superficial,blurred_vessel_sink_sigma10mm,"Bystander, blurred vessel sink (10 mm sigma)",0.6993857026100159,0.531171977519989,0.9851280450820923,0.8836991786956787,105.87179565429688,59.50212860107422,117.40950012207031,2757.19873046875,1565.618408203125,0.9552035550458715,106.616
case06,Buccal mucosa / cheek infiltrative crescent,cheek_superficial,peri_gtv_shell_sink_5_20mm,"Bystander, peri-GTV shell sink (5-20 mm)",0.6995071768760681,0.5318626761436462,0.9851301908493042,0.8987849950790405,105.90299224853516,65.54627990722656,116.68685913085938,2757.83935546875,1697.59423828125,0.9552035550458715,106.616
case06,Buccal mucosa / cheek infiltrative crescent,cheek_superficial,distance_decay_sink_lambda15mm,"Bystander, distance-decay sink (lambda 15 mm)",0.6995055675506592,0.5310385823249817,0.9849464893341064,0.8763607144355774,104.64485168457031,57.51021957397461,111.82406616210938,2743.929443359375,1549.6488037109375,0.9552035550458715,106.616
case07,Oral tongue / floor-of-mouth horseshoe,oral_tongue_floor_mouth,ap_flip_sink,"Bystander, anterior-posterior flipped vessel sink",0.6468485593795776,0.47883132100105286,0.976460337638855,0.8458497524261475,95.92474365234375,49.181766510009766,129.79849243164062,2785.74560546875,1267.71337890625,0.9351188622443684,72.06400000000001
case07,Oral tongue / floor-of-mouth horseshoe,oral_tongue_floor_mouth,si_flip_sink,"Bystander, superior-inferior flipped vessel sink",0.6476041674613953,0.4794013202190399,0.9937281608581543,0.8746684789657593,131.5916748046875,58.91787338256836,136.5585479736328,3541.630615234375,1460.4512939453125,0.9351188622443684,72.06400000000001
case07,Oral tongue / floor-of-mouth horseshoe,oral_tongue_floor_mouth,local_dropout_sink_20mm,"Bystander, local vessel dropout within 20 mm of GTV",0.647594690322876,0.47963768243789673,0.9937383532524109,0.8788334727287292,131.71145629882812,60.07013702392578,139.48683166503906,3542.79296875,1481.6571044921875,0.9351188622443684,72.06400000000001
case07,Oral tongue / floor-of-mouth horseshoe,oral_tongue_floor_mouth,randomized_displacement_sink,"Bystander, randomized anatomy-constrained vessel displacement",0.6475514769554138,0.47783559560775757,0.9932118058204651,0.850338339805603,126.24319458007812,52.410316467285156,134.30844116210938,3458.927978515625,1335.790283203125,0.9351188622443684,72.06400000000001
case07,Oral tongue / floor-of-mouth horseshoe,oral_tongue_floor_mouth,uniform_body_sink_mass_matched,"Bystander, uniform body sink (mass matched)",0.6475358605384827,0.4796141982078552,0.9878668785095215,0.8437765836715698,100.34376525878906,44.6148567199707,116.90328979492188,2952.175537109375,1212.2423095703125,0.9351188622443684,72.06400000000001
case07,Oral tongue / floor-of-mouth horseshoe,oral_tongue_floor_mouth,blurred_vessel_sink_sigma10mm,"Bystander, blurred vessel sink (10 mm sigma)",0.6475932002067566,0.4787926971912384,0.9914713501930237,0.8300688862800598,117.58883666992188,46.02604675292969,122.38582611083984,3291.354736328125,1219.002197265625,0.9351188622443684,72.06400000000001
case07,Oral tongue / floor-of-mouth horseshoe,oral_tongue_floor_mouth,peri_gtv_shell_sink_5_20mm,"Bystander, peri-GTV shell sink (5-20 mm)",0.6478142738342285,0.48034289479255676,0.9936707019805908,0.8638822436332703,130.9907684326172,55.330406188964844,125.02271270751953,3535.857421875,1406.57666015625,0.9351188622443684,72.06400000000001
case07,Oral tongue / floor-of-mouth horseshoe,oral_tongue_floor_mouth,distance_decay_sink_lambda15mm,"Bystander, distance-decay sink (lambda 15 mm)",0.6478012204170227,0.4793345332145691,0.993425190448761,0.8342223167419434,128.79754638671875,47.75044250488281,120.39897155761719,3509.677490234375,1263.356689453125,0.9351188622443684,72.06400000000001
case08,Bulky nodal conglomerate level II-IV with central necrosis,nodal_neck,ap_flip_sink,"Bystander, anterior-posterior flipped vessel sink",0.6807478666305542,0.5516878366470337,0.9749436974525452,0.8835873007774353,108.25759887695312,58.38716125488281,161.32797241210938,2923.552978515625,1497.595703125,0.9653124653124653,139.144
case08,Bulky nodal conglomerate level II-IV with central necrosis,nodal_neck,si_flip_sink,"Bystander, superior-inferior flipped vessel sink",0.6815353631973267,0.553318440914154,0.9858238101005554,0.8992968201637268,112.28096771240234,64.84443664550781,165.42527770996094,3000.3759765625,1628.1807861328125,0.9653124653124653,139.144
case08,Bulky nodal conglomerate level II-IV with central necrosis,nodal_neck,local_dropout_sink_20mm,"Bystander, local vessel dropout within 20 mm of GTV",0.6813437938690186,0.5524637699127197,0.9916918873786926,0.9041610956192017,128.33200073242188,67.5594253540039,172.4627227783203,3361.431640625,1680.627685546875,0.9653124653124653,139.144
case08,Bulky nodal conglomerate level II-IV with central necrosis,nodal_neck,randomized_displacement_sink,"Bystander, randomized anatomy-constrained vessel displacement",0.6805564165115356,0.5519521236419678,0.97605961561203,0.8881983160972595,102.53116607666016,59.9079704284668,161.36570739746094,2819.94775390625,1528.2672119140625,0.9653124653124653,139.144
case08,Bulky nodal conglomerate level II-IV with central necrosis,nodal_neck,uniform_body_sink_mass_matched,"Bystander, uniform body sink (mass matched)",0.6813153624534607,0.5524761080741882,0.9853326678276062,0.8764256238937378,97.08393859863281,50.44084930419922,143.3502197265625,2786.572265625,1380.033447265625,0.9653124653124653,139.144
case08,Bulky nodal conglomerate level II-IV with central necrosis,nodal_neck,blurred_vessel_sink_sigma10mm,"Bystander, blurred vessel sink (10 mm sigma)",0.6805505752563477,0.5520541667938232,0.9499179720878601,0.8514065742492676,49.59957504272461,39.70036697387695,135.7601776123047,1687.447265625,1147.8360595703125,0.9653124653124653,139.144
case08,Bulky nodal conglomerate level II-IV with central necrosis,nodal_neck,peri_gtv_shell_sink_5_20mm,"Bystander, peri-GTV shell sink (5-20 mm)",0.6815664172172546,0.5529341101646423,0.9916808605194092,0.8936758637428284,128.18763732910156,63.97913360595703,157.0121612548828,3360.15234375,1623.845947265625,0.9653124653124653,139.144
case08,Bulky nodal conglomerate level II-IV with central necrosis,nodal_neck,distance_decay_sink_lambda15mm,"Bystander, distance-decay sink (lambda 15 mm)",0.6816293597221375,0.5524355173110962,0.9915963411331177,0.8732693195343018,127.24508666992188,57.6202392578125,151.41952514648438,3349.77978515625,1505.263427734375,0.9653124653124653,139.144
case09,Deep parotid / infratemporal fossa bulky mass,deep_parotid_infratemporal,ap_flip_sink,"Bystander, anterior-posterior flipped vessel sink",0.7261864542961121,0.524242103099823,0.978693425655365,0.8954157829284668,97.66043090820312,64.81089782714844,148.41693115234375,2556.025390625,1658.5093994140625,0.9667888835751103,145.552
case09,Deep parotid / infratemporal fossa bulky mass,deep_parotid_infratemporal,si_flip_sink,"Bystander, superior-inferior flipped vessel sink",0.7246336936950684,0.5243182182312012,0.9461124539375305,0.8963080644607544,75.97886657714844,66.15176391601562,148.65911865234375,2028.3751220703125,1689.1563720703125,0.9667888835751103,145.552
case09,Deep parotid / infratemporal fossa bulky mass,deep_parotid_infratemporal,local_dropout_sink_20mm,"Bystander, local vessel dropout within 20 mm of GTV",0.7264222502708435,0.5248426198959351,0.9840500950813293,0.9049425721168518,114.11103057861328,72.86810302734375,157.04734802246094,2874.665771484375,1816.698486328125,0.9667888835751103,145.552
case09,Deep parotid / infratemporal fossa bulky mass,deep_parotid_infratemporal,randomized_displacement_sink,"Bystander, randomized anatomy-constrained vessel displacement",0.7263534069061279,0.524126410484314,0.9826846718788147,0.8853386044502258,107.00897979736328,65.83566284179688,150.78932189941406,2747.039306640625,1674.5460205078125,0.9667888835751103,145.552
case09,Deep parotid / infratemporal fossa bulky mass,deep_parotid_infratemporal,uniform_body_sink_mass_matched,"Bystander, uniform body sink (mass matched)",0.7262405157089233,0.5243858098983765,0.9755398035049438,0.8765737414360046,85.65962982177734,54.29696273803711,131.38702392578125,2366.88818359375,1490.3203125,0.9667888835751103,145.552
case09,Deep parotid / infratemporal fossa bulky mass,deep_parotid_infratemporal,blurred_vessel_sink_sigma10mm,"Bystander, blurred vessel sink (10 mm sigma)",0.7259877920150757,0.5245487093925476,0.9618532061576843,0.8718141317367554,61.13176345825195,53.45487976074219,131.39263916015625,1820.889404296875,1448.992919921875,0.9667888835751103,145.552
case09,Deep parotid / infratemporal fossa bulky mass,deep_parotid_infratemporal,peri_gtv_shell_sink_5_20mm,"Bystander, peri-GTV shell sink (5-20 mm)",0.7266829609870911,0.5252494215965271,0.984045684337616,0.8945503830909729,114.06705474853516,68.95581817626953,141.02450561523438,2874.349365234375,1756.2890625,0.9667888835751103,145.552
case09,Deep parotid / infratemporal fossa bulky mass,deep_parotid_infratemporal,distance_decay_sink_lambda15mm,"Bystander, distance-decay sink (lambda 15 mm)",0.7266721129417419,0.5245720744132996,0.9840249419212341,0.8759194612503052,113.90100860595703,63.36409378051758,137.74496459960938,2872.8916015625,1651.8441162109375,0.9667888835751103,145.552
case10,Composite oropharynx + upper-neck very bulky tumour,composite_oropharynx_upper_neck,ap_flip_sink,"Bystander, anterior-posterior flipped vessel sink",0.6921205520629883,0.5340577960014343,0.9909273386001587,0.8986395597457886,118.53726959228516,69.70729064941406,236.0543212890625,3131.20458984375,1778.2998046875,0.9783257039811347,225.68800000000002
case10,Composite oropharynx + upper-neck very bulky tumour,composite_oropharynx_upper_neck,si_flip_sink,"Bystander, superior-inferior flipped vessel sink",0.6907894015312195,0.5351723432540894,0.9606307148933411,0.915255069732666,92.45182037353516,76.76079559326172,241.55496215820312,2492.9365234375,1924.8310546875,0.9783257039811347,225.68800000000002
case10,Composite oropharynx + upper-neck very bulky tumour,composite_oropharynx_upper_neck,local_dropout_sink_20mm,"Bystander, local vessel dropout within 20 mm of GTV",0.6923312544822693,0.5355343818664551,0.9919456839561462,0.9221697449684143,125.26046752929688,80.84906768798828,236.94552612304688,3235.307861328125,2001.3194580078125,0.9783257039811347,225.68800000000002
case10,Composite oropharynx + upper-neck very bulky tumour,composite_oropharynx_upper_neck,randomized_displacement_sink,"Bystander, randomized anatomy-constrained vessel displacement",0.6920472383499146,0.5341591835021973,0.9906303286552429,0.9053207635879517,118.54145812988281,74.37003326416016,241.6420135498047,3128.928955078125,1871.39892578125,0.9783257039811347,225.68800000000002
case10,Composite oropharynx + upper-neck very bulky tumour,composite_oropharynx_upper_neck,uniform_body_sink_mass_matched,"Bystander, uniform body sink (mass matched)",0.6921181678771973,0.5350316166877747,0.985424816608429,0.8967797160148621,94.30492401123047,60.13737487792969,209.91561889648438,2674.22802734375,1639.713134765625,0.9783257039811347,225.68800000000002
case10,Composite oropharynx + upper-neck very bulky tumour,composite_oropharynx_upper_neck,blurred_vessel_sink_sigma10mm,"Bystander, blurred vessel sink (10 mm sigma)",0.6914576888084412,0.5346259474754333,0.9559805393218994,0.8794388771057129,64.74102020263672,50.16994857788086,198.69320678710938,1968.4462890625,1411.498779296875,0.9783257039811347,225.68800000000002
case10,Composite oropharynx + upper-neck very bulky tumour,composite_oropharynx_upper_neck,peri_gtv_shell_sink_5_20mm,"Bystander, peri-GTV shell sink (5-20 mm)",0.6924338936805725,0.5357010960578918,0.991943359375,0.9164864420890808,125.22662353515625,78.64915466308594,235.37620544433594,3235.035400390625,1967.2991943359375,0.9783257039811347,225.68800000000002
case10,Composite oropharynx + upper-neck very bulky tumour,composite_oropharynx_upper_neck,distance_decay_sink_lambda15mm,"Bystander, distance-decay sink (lambda 15 mm)",0.6924636363983154,0.5353690981864929,0.9919097423553467,0.9041628837585449,124.80443572998047,74.17174530029297,229.82070922851562,3230.668212890625,1887.3060302734375,0.9783257039811347,225.68800000000002
